适应度, 迭代次数, 距离之和
123533.9571949204, 3000, 1819912
123533.9571949204, 2999, 1815524
123533.9571949204, 2998, 1812662
123721.70018383837, 2997, 1808228
123721.70018383837, 2996, 1805832
123721.70018383837, 2995, 1804604
128343.4863569926, 2994, 1802344
124154.7679000742, 2993, 1798304
122819.97051588078, 2992, 1800266
122190.2863985217, 2991, 1792542
122190.2863985217, 2990, 1791266
122190.2863985217, 2989, 1790134
121995.98415556375, 2988, 1785922
121995.98415556375, 2987, 1784354
121995.98415556375, 2986, 1788436
122190.2863985217, 2985, 1790804
124637.55200366143, 2984, 1788912
121136.72913901308, 2983, 1784352
124739.51955041799, 2982, 1780418
120066.93737157094, 2981, 1779588
131751.12755430146, 2980, 1772584
127095.72086734003, 2979, 1774164
130252.49893990009, 2978, 1769968
120563.84335213306, 2977, 1775670
120563.84335213306, 2976, 1771984
120563.84335213306, 2975, 1764064
123128.97174269469, 2974, 1757246
123755.76783534164, 2973, 1758370
120591.674370838, 2972, 1750352
120591.674370838, 2971, 1744324
120591.674370838, 2970, 1747652
120591.674370838, 2969, 1741450
120591.674370838, 2968, 1739288
120591.674370838, 2967, 1739012
120591.674370838, 2966, 1726958
120591.674370838, 2965, 1726028
120591.674370838, 2964, 1714682
115919.08945580301, 2963, 1701856
113554.90810486893, 2962, 1697096
115466.36793443216, 2961, 1690422
121103.38526955232, 2960, 1689006
113730.7797856747, 2959, 1687892
113730.7797856747, 2958, 1686678
114318.1968081271, 2957, 1682190
117363.98189212446, 2956, 1674052
117363.98189212446, 2955, 1652828
117363.98189212446, 2954, 1647044
116423.64517289236, 2953, 1638186
118249.11915574325, 2952, 1635740
117901.35535698674, 2951, 1638736
117901.35535698674, 2950, 1635616
117901.35535698674, 2949, 1644096
117901.35535698674, 2948, 1643718
117071.39216164162, 2947, 1643924
111359.01527234049, 2946, 1629808
111359.01527234049, 2945, 1633778
111359.01527234049, 2944, 1634198
111359.01527234049, 2943, 1624868
111359.01527234049, 2942, 1613228
111359.01527234049, 2941, 1610320
111359.01527234049, 2940, 1606176
111359.01527234049, 2939, 1615742
111359.01527234049, 2938, 1596456
111359.01527234049, 2937, 1590540
108604.31354898, 2936, 1576970
108604.31354898, 2935, 1546628
108604.31354898, 2934, 1524560
108604.31354898, 2933, 1498706
108618.5171903044, 2932, 1504004
109059.23263890132, 2931, 1483790
107804.41864738667, 2930, 1468746
107804.41864738667, 2929, 1427620
107059.35223672914, 2928, 1411434
107804.41864738667, 2927, 1397624
107804.41864738667, 2926, 1426794
107804.41864738667, 2925, 1410864
107804.41864738667, 2924, 1411450
107804.41864738667, 2923, 1400192
107804.41864738667, 2922, 1406396
107804.41864738667, 2921, 1394648
111031.4840865089, 2920, 1382108
111031.4840865089, 2919, 1377420
111031.4840865089, 2918, 1366474
106798.89116025795, 2917, 1337532
109791.58378060767, 2916, 1341102
110966.2760141214, 2915, 1314848
110876.04578223456, 2914, 1309224
110966.2760141214, 2913, 1307108
110334.69686808303, 2912, 1299640
110966.2760141214, 2911, 1277468
110876.02369941976, 2910, 1279212
110876.02369941976, 2909, 1277572
112431.93949104619, 2908, 1265094
110530.67192095485, 2907, 1230706
111041.52943289602, 2906, 1208484
112468.66693924258, 2905, 1222858
110876.02369941976, 2904, 1218666
109215.11380024014, 2903, 1202452
112176.7300365415, 2902, 1192314
110651.44150491868, 2901, 1171640
113039.0482032647, 2900, 1163922
110220.43124133082, 2899, 1154668
113680.11770052157, 2898, 1163914
109300.75007506665, 2897, 1139446
110334.69686808303, 2896, 1113756
105615.20458319124, 2895, 1073488
104779.3776482429, 2894, 1068164
104779.3776482429, 2893, 1044366
106800.99715849108, 2892, 1000792
110503.84809871779, 2891, 999072
110756.30336609943, 2890, 994772
110756.30336609943, 2889, 979324
110503.84809871779, 2888, 995012
110503.84809871779, 2887, 1002676
110113.80953616626, 2886, 981254
110113.80953616626, 2885, 963312
109413.12685663931, 2884, 962448
110204.35336859574, 2883, 958180
110204.35336859574, 2882, 966406
110204.35336859574, 2881, 936568
110204.35336859574, 2880, 928862
110204.35336859574, 2879, 950874
110204.35336859574, 2878, 886022
110204.35336859574, 2877, 875772
110204.35336859574, 2876, 823384
110204.35336859574, 2875, 839438
110204.35336859574, 2874, 818576
110204.35336859574, 2873, 808816
110204.35336859574, 2872, 815934
110204.35336859574, 2871, 806558
110204.35336859574, 2870, 830006
110204.35336859574, 2869, 832322
110204.35336859574, 2868, 805242
110204.35336859574, 2867, 804670
110204.35336859574, 2866, 774124
110204.35336859574, 2865, 771002
110204.35336859574, 2864, 761140
110204.35336859574, 2863, 754796
110204.35336859574, 2862, 767742
110204.35336859574, 2861, 705408
110204.35336859574, 2860, 664784
110204.35336859574, 2859, 701564
110204.35336859574, 2858, 693394
110204.35336859574, 2857, 709480
110204.35336859574, 2856, 737090
110204.35336859574, 2855, 738100
110204.35336859574, 2854, 770182
110204.35336859574, 2853, 768886
110204.35336859574, 2852, 737472
110204.35336859574, 2851, 733318
110204.35336859574, 2850, 711256
110204.35336859574, 2849, 668162
110204.35336859574, 2848, 685098
110204.35336859574, 2847, 729952
110204.35336859574, 2846, 724478
110204.35336859574, 2845, 701376
110204.35336859574, 2844, 715990
110204.35336859574, 2843, 668326
110204.35336859574, 2842, 625744
110204.35336859574, 2841, 579524
110204.35336859574, 2840, 549230
110204.35336859574, 2839, 498788
110204.35336859574, 2838, 524058
110204.35336859574, 2837, 439692
110204.35336859574, 2836, 365542
110204.35336859574, 2835, 356586
113633.44536222119, 2834, 344616
113633.44536222119, 2833, 397630
113633.44536222119, 2832, 412308
113633.44536222119, 2831, 383582
113633.44536222119, 2830, 389590
113633.44536222119, 2829, 372646
113633.44536222119, 2828, 407612
113633.44536222119, 2827, 427072
113633.44536222119, 2826, 380316
113633.44536222119, 2825, 372340
113633.44536222119, 2824, 355144
113722.41450142462, 2823, 333612
113722.41450142462, 2822, 300470
113722.41450142462, 2821, 309800
113722.41450142462, 2820, 319230
113722.41450142462, 2819, 304236
113722.41450142462, 2818, 352672
113722.41450142462, 2817, 373898
113722.41450142462, 2816, 442854
113722.41450142462, 2815, 436572
113722.41450142462, 2814, 404108
113722.41450142462, 2813, 398188
113722.41450142462, 2812, 375472
113722.41450142462, 2811, 373290
113722.41450142462, 2810, 426520
113722.41450142462, 2809, 462220
113722.41450142462, 2808, 411392
113722.41450142462, 2807, 385612
113722.41450142462, 2806, 359200
113722.41450142462, 2805, 318972
113722.41450142462, 2804, 346248
113722.41450142462, 2803, 329968
113722.41450142462, 2802, 351288
113722.41450142462, 2801, 334600
113722.41450142462, 2800, 276202
113722.41450142462, 2799, 263264
113722.41450142462, 2798, 248272
113722.41450142462, 2797, 259592
113722.41450142462, 2796, 319088
113722.41450142462, 2795, 338832
113722.41450142462, 2794, 303850
113722.41450142462, 2793, 293600
113722.41450142462, 2792, 294984
113722.41450142462, 2791, 302256
113722.41450142462, 2790, 315216
113722.41450142462, 2789, 252842
113722.41450142462, 2788, 282522
113722.41450142462, 2787, 290304
113722.41450142462, 2786, 284040
113722.41450142462, 2785, 262224
113722.41450142462, 2784, 272122
113722.41450142462, 2783, 254072
113722.41450142462, 2782, 241418
113722.41450142462, 2781, 205064
113722.41450142462, 2780, 193200
113722.41450142462, 2779, 177408
113722.41450142462, 2778, 193050
113722.41450142462, 2777, 191488
113722.41450142462, 2776, 188232
113722.41450142462, 2775, 177408
113722.41450142462, 2774, 171402
113722.41450142462, 2773, 188232
113722.41450142462, 2772, 189882
113722.41450142462, 2771, 191488
113722.41450142462, 2770, 189882
113722.41450142462, 2769, 196042
113722.41450142462, 2768, 205128
113722.41450142462, 2767, 202752
113722.41450142462, 2766, 189882
113722.41450142462, 2765, 184800
113722.41450142462, 2764, 181192
113722.41450142462, 2763, 165000
113722.41450142462, 2762, 173448
113722.41450142462, 2761, 162778
113722.41450142462, 2760, 171402
113722.41450142462, 2759, 173448
113722.41450142462, 2758, 183018
113722.41450142462, 2757, 153450
113722.41450142462, 2756, 155848
113722.41450142462, 2755, 151008
113722.41450142462, 2754, 155848
113722.41450142462, 2753, 132682
113722.41450142462, 2752, 124168
113722.41450142462, 2751, 86152
113722.41450142462, 2750, 105952
113722.41450142462, 2749, 92928
113722.41450142462, 2748, 99528
113722.41450142462, 2747, 102762
113722.41450142462, 2746, 86152
113722.41450142462, 2745, 105952
113722.41450142462, 2744, 102762
113722.41450142462, 2743, 112200
113722.41450142462, 2742, 148522
113722.41450142462, 2741, 160512
113722.41450142462, 2740, 151008
113722.41450142462, 2739, 169312
113722.41450142462, 2738, 167178
113722.41450142462, 2737, 151008
113722.41450142462, 2736, 132682
113722.41450142462, 2735, 124168
113722.41450142462, 2734, 102762
113722.41450142462, 2733, 105952
113722.41450142462, 2732, 112200
113722.41450142462, 2731, 105952
113722.41450142462, 2730, 109098
113722.41450142462, 2729, 79200
113722.41450142462, 2728, 79200
113722.41450142462, 2727, 92928
113722.41450142462, 2726, 86152
113722.41450142462, 2725, 112200
113722.41450142462, 2724, 105952
113722.41450142462, 2723, 118272
113722.41450142462, 2722, 118272
113722.41450142462, 2721, 124168
113722.41450142462, 2720, 109098
113722.41450142462, 2719, 118272
113722.41450142462, 2718, 112200
113722.41450142462, 2717, 129888
113722.41450142462, 2716, 121242
113722.41450142462, 2715, 127050
113722.41450142462, 2714, 127050
113722.41450142462, 2713, 118272
113722.41450142462, 2712, 127050
113722.41450142462, 2711, 118272
113722.41450142462, 2710, 132682
113722.41450142462, 2709, 118272
113722.41450142462, 2708, 112200
113722.41450142462, 2707, 129888
113722.41450142462, 2706, 115258
113722.41450142462, 2705, 99528
113722.41450142462, 2704, 75658
113722.41450142462, 2703, 82698
113722.41450142462, 2702, 75658
113722.41450142462, 2701, 72072
113722.41450142462, 2700, 72072
113722.41450142462, 2699, 75658
113722.41450142462, 2698, 53482
113722.41450142462, 2697, 49632
113722.41450142462, 2696, 17248
113722.41450142462, 2695, 17248
113722.41450142462, 2694, 8712
113722.41450142462, 2693, 4378
113722.41450142462, 2692, 8712
113722.41450142462, 2691, 33792
113722.41450142462, 2690, 21450
113722.41450142462, 2689, 21450
113722.41450142462, 2688, 13002
113722.41450142462, 2687, 13002
113722.41450142462, 2686, 13002
113722.41450142462, 2685, 13002
113722.41450142462, 2684, 17248
113722.41450142462, 2683, 13002
113722.41450142462, 2682, 17248
113722.41450142462, 2681, 21450
113722.41450142462, 2680, 21450
113722.41450142462, 2679, 17248
113722.41450142462, 2678, 13002
113722.41450142462, 2677, 17248
113722.41450142462, 2676, 13002
113722.41450142462, 2675, 4378
113722.41450142462, 2674, 4378
113722.41450142462, 2673, 4378
113722.41450142462, 2672, 0
114222.01792831562, 2671, 0
114222.01792831562, 2670, 0
114222.01792831562, 2669, 0
114222.01792831562, 2668, 0
114222.01792831562, 2667, 0
114222.01792831562, 2666, 0
114222.01792831562, 2665, 0
114222.01792831562, 2664, 0
114222.01792831562, 2663, 0
114222.01792831562, 2662, 0
114222.01792831562, 2661, 0
114222.01792831562, 2660, 0
114222.01792831562, 2659, 0
114222.01792831562, 2658, 0
114222.01792831562, 2657, 0
114222.01792831562, 2656, 0
114222.01792831562, 2655, 0
114222.01792831562, 2654, 0
114222.01792831562, 2653, 0
114222.01792831562, 2652, 0
114222.01792831562, 2651, 0
114222.01792831562, 2650, 0
114222.01792831562, 2649, 0
114222.01792831562, 2648, 0
114222.01792831562, 2647, 0
114222.01792831562, 2646, 0
114222.01792831562, 2645, 0
114222.01792831562, 2644, 0
114222.01792831562, 2643, 0
114222.01792831562, 2642, 0
114222.01792831562, 2641, 0
114222.01792831562, 2640, 0
114222.01792831562, 2639, 0
114222.01792831562, 2638, 0
114222.01792831562, 2637, 0
114222.01792831562, 2636, 0
114222.01792831562, 2635, 0
114222.01792831562, 2634, 0
114222.01792831562, 2633, 0
114222.01792831562, 2632, 0
114222.01792831562, 2631, 0
114222.01792831562, 2630, 0
114222.01792831562, 2629, 0
114222.01792831562, 2628, 0
114222.01792831562, 2627, 0
114222.01792831562, 2626, 0
114222.01792831562, 2625, 0
114222.01792831562, 2624, 0
114222.01792831562, 2623, 0
114222.01792831562, 2622, 0
114222.01792831562, 2621, 0
114222.01792831562, 2620, 0
114222.01792831562, 2619, 0
114222.01792831562, 2618, 0
114222.01792831562, 2617, 0
114222.01792831562, 2616, 0
114222.01792831562, 2615, 0
114222.01792831562, 2614, 0
114222.01792831562, 2613, 0
114222.01792831562, 2612, 0
114222.01792831562, 2611, 0
114222.01792831562, 2610, 0
114222.01792831562, 2609, 0
114222.01792831562, 2608, 0
114222.01792831562, 2607, 0
114222.01792831562, 2606, 0
114222.01792831562, 2605, 0
114222.01792831562, 2604, 0
114222.01792831562, 2603, 0
114222.01792831562, 2602, 0
114222.01792831562, 2601, 0
114222.01792831562, 2600, 0
114222.01792831562, 2599, 0
114222.01792831562, 2598, 0
114222.01792831562, 2597, 0
114222.01792831562, 2596, 0
114222.01792831562, 2595, 0
114222.01792831562, 2594, 0
114222.01792831562, 2593, 0
114222.01792831562, 2592, 0
114222.01792831562, 2591, 0
114222.01792831562, 2590, 0
114222.01792831562, 2589, 0
114222.01792831562, 2588, 0
114222.01792831562, 2587, 0
114222.01792831562, 2586, 0
114222.01792831562, 2585, 0
114222.01792831562, 2584, 0
114222.01792831562, 2583, 0
114222.01792831562, 2582, 0
114222.01792831562, 2581, 0
114222.01792831562, 2580, 0
114222.01792831562, 2579, 0
114222.01792831562, 2578, 0
114222.01792831562, 2577, 0
114222.01792831562, 2576, 0
114222.01792831562, 2575, 0
114222.01792831562, 2574, 0
114222.01792831562, 2573, 0
114222.01792831562, 2572, 0
114222.01792831562, 2571, 0
114222.01792831562, 2570, 0
114222.01792831562, 2569, 0
114222.01792831562, 2568, 0
114222.01792831562, 2567, 0
114222.01792831562, 2566, 0
114222.01792831562, 2565, 0
114222.01792831562, 2564, 0
114222.01792831562, 2563, 0
114222.01792831562, 2562, 0
114222.01792831562, 2561, 0
114222.01792831562, 2560, 0
114222.01792831562, 2559, 0
114222.01792831562, 2558, 0
114222.01792831562, 2557, 0
114222.01792831562, 2556, 0
114222.01792831562, 2555, 0
114222.01792831562, 2554, 0
114222.01792831562, 2553, 0
114222.01792831562, 2552, 0
114222.01792831562, 2551, 0
114222.01792831562, 2550, 0
114222.01792831562, 2549, 0
114222.01792831562, 2548, 0
114222.01792831562, 2547, 0
114222.01792831562, 2546, 0
114222.01792831562, 2545, 0
114222.01792831562, 2544, 0
114222.01792831562, 2543, 0
114222.01792831562, 2542, 0
114222.01792831562, 2541, 0
114222.01792831562, 2540, 0
114222.01792831562, 2539, 0
114222.01792831562, 2538, 0
114222.01792831562, 2537, 0
114222.01792831562, 2536, 0
114222.01792831562, 2535, 0
114222.01792831562, 2534, 0
114222.01792831562, 2533, 0
114222.01792831562, 2532, 0
114222.01792831562, 2531, 0
114222.01792831562, 2530, 0
114222.01792831562, 2529, 0
114222.01792831562, 2528, 0
114222.01792831562, 2527, 0
114222.01792831562, 2526, 0
114222.01792831562, 2525, 0
114222.01792831562, 2524, 0
114222.01792831562, 2523, 0
114222.01792831562, 2522, 0
114222.01792831562, 2521, 0
114222.01792831562, 2520, 0
114222.01792831562, 2519, 0
114222.01792831562, 2518, 0
114222.01792831562, 2517, 0
114222.01792831562, 2516, 0
114222.01792831562, 2515, 0
114222.01792831562, 2514, 0
114222.01792831562, 2513, 0
114222.01792831562, 2512, 0
114222.01792831562, 2511, 0
114222.01792831562, 2510, 0
114222.01792831562, 2509, 0
114222.01792831562, 2508, 0
114222.01792831562, 2507, 0
114222.01792831562, 2506, 0
114222.01792831562, 2505, 0
114222.01792831562, 2504, 0
114222.01792831562, 2503, 0
114222.01792831562, 2502, 0
114222.01792831562, 2501, 0
114222.01792831562, 2500, 0
114222.01792831562, 2499, 0
114222.01792831562, 2498, 0
114222.01792831562, 2497, 0
114222.01792831562, 2496, 0
114222.01792831562, 2495, 0
114222.01792831562, 2494, 0
114222.01792831562, 2493, 0
114222.01792831562, 2492, 0
114222.01792831562, 2491, 0
114222.01792831562, 2490, 0
114222.01792831562, 2489, 0
114222.01792831562, 2488, 0
114222.01792831562, 2487, 0
114222.01792831562, 2486, 0
114222.01792831562, 2485, 0
114222.01792831562, 2484, 0
114222.01792831562, 2483, 0
114222.01792831562, 2482, 0
114222.01792831562, 2481, 0
114222.01792831562, 2480, 0
114222.01792831562, 2479, 0
114222.01792831562, 2478, 0
114222.01792831562, 2477, 0
114222.01792831562, 2476, 0
114222.01792831562, 2475, 0
114222.01792831562, 2474, 0
114222.01792831562, 2473, 0
114222.01792831562, 2472, 0
114222.01792831562, 2471, 0
114222.01792831562, 2470, 0
114222.01792831562, 2469, 0
114222.01792831562, 2468, 0
114222.01792831562, 2467, 0
114222.01792831562, 2466, 0
114222.01792831562, 2465, 0
114222.01792831562, 2464, 0
114222.01792831562, 2463, 0
114222.01792831562, 2462, 0
114222.01792831562, 2461, 0
114222.01792831562, 2460, 0
114222.01792831562, 2459, 0
114222.01792831562, 2458, 0
114222.01792831562, 2457, 0
114222.01792831562, 2456, 0
114222.01792831562, 2455, 0
114222.01792831562, 2454, 0
114222.01792831562, 2453, 0
114222.01792831562, 2452, 0
114222.01792831562, 2451, 0
114222.01792831562, 2450, 0
114222.01792831562, 2449, 0
114222.01792831562, 2448, 0
114222.01792831562, 2447, 0
114222.01792831562, 2446, 0
114222.01792831562, 2445, 0
114222.01792831562, 2444, 0
114222.01792831562, 2443, 0
114222.01792831562, 2442, 0
114222.01792831562, 2441, 0
114222.01792831562, 2440, 0
114222.01792831562, 2439, 0
114222.01792831562, 2438, 0
114222.01792831562, 2437, 0
114222.01792831562, 2436, 0
114222.01792831562, 2435, 0
114222.01792831562, 2434, 0
114222.01792831562, 2433, 0
114222.01792831562, 2432, 0
114222.01792831562, 2431, 0
114222.01792831562, 2430, 0
114222.01792831562, 2429, 0
114222.01792831562, 2428, 0
114222.01792831562, 2427, 0
114222.01792831562, 2426, 0
114222.01792831562, 2425, 0
114222.01792831562, 2424, 0
114222.01792831562, 2423, 0
114222.01792831562, 2422, 0
114222.01792831562, 2421, 0
114222.01792831562, 2420, 0
114222.01792831562, 2419, 0
114222.01792831562, 2418, 0
114222.01792831562, 2417, 0
114222.01792831562, 2416, 0
114222.01792831562, 2415, 0
114222.01792831562, 2414, 0
114222.01792831562, 2413, 0
114222.01792831562, 2412, 0
114222.01792831562, 2411, 0
114222.01792831562, 2410, 0
114222.01792831562, 2409, 0
114222.01792831562, 2408, 0
114222.01792831562, 2407, 0
114222.01792831562, 2406, 0
114222.01792831562, 2405, 0
114222.01792831562, 2404, 0
114222.01792831562, 2403, 0
114222.01792831562, 2402, 0
114222.01792831562, 2401, 0
114222.01792831562, 2400, 0
114222.01792831562, 2399, 0
114222.01792831562, 2398, 0
114222.01792831562, 2397, 0
114222.01792831562, 2396, 0
114222.01792831562, 2395, 0
114222.01792831562, 2394, 0
114222.01792831562, 2393, 0
114222.01792831562, 2392, 0
114222.01792831562, 2391, 0
114222.01792831562, 2390, 0
114222.01792831562, 2389, 0
114222.01792831562, 2388, 0
114222.01792831562, 2387, 0
114222.01792831562, 2386, 0
114222.01792831562, 2385, 0
114222.01792831562, 2384, 0
114222.01792831562, 2383, 0
114222.01792831562, 2382, 0
114222.01792831562, 2381, 0
114222.01792831562, 2380, 0
114222.01792831562, 2379, 0
114222.01792831562, 2378, 0
114222.01792831562, 2377, 0
114222.01792831562, 2376, 0
114222.01792831562, 2375, 0
114222.01792831562, 2374, 0
114222.01792831562, 2373, 0
114222.01792831562, 2372, 0
114222.01792831562, 2371, 0
114222.01792831562, 2370, 0
114222.01792831562, 2369, 0
114222.01792831562, 2368, 0
114222.01792831562, 2367, 0
114222.01792831562, 2366, 0
114222.01792831562, 2365, 0
114222.01792831562, 2364, 0
114222.01792831562, 2363, 0
114222.01792831562, 2362, 0
114222.01792831562, 2361, 0
114222.01792831562, 2360, 0
114222.01792831562, 2359, 0
114222.01792831562, 2358, 0
114222.01792831562, 2357, 0
114222.01792831562, 2356, 0
114222.01792831562, 2355, 0
114222.01792831562, 2354, 0
114222.01792831562, 2353, 0
114222.01792831562, 2352, 0
114222.01792831562, 2351, 0
114222.01792831562, 2350, 0
114222.01792831562, 2349, 0
114222.01792831562, 2348, 0
114222.01792831562, 2347, 0
114222.01792831562, 2346, 0
114222.01792831562, 2345, 0
114222.01792831562, 2344, 0
114222.01792831562, 2343, 0
114222.01792831562, 2342, 0
114222.01792831562, 2341, 0
114222.01792831562, 2340, 0
114222.01792831562, 2339, 0
114222.01792831562, 2338, 0
114222.01792831562, 2337, 0
114222.01792831562, 2336, 0
114222.01792831562, 2335, 0
114222.01792831562, 2334, 0
114222.01792831562, 2333, 0
114222.01792831562, 2332, 0
114222.01792831562, 2331, 0
114222.01792831562, 2330, 0
114222.01792831562, 2329, 0
114222.01792831562, 2328, 0
114222.01792831562, 2327, 0
114222.01792831562, 2326, 0
114222.01792831562, 2325, 0
114222.01792831562, 2324, 0
114222.01792831562, 2323, 0
114222.01792831562, 2322, 0
114222.01792831562, 2321, 0
114222.01792831562, 2320, 0
114222.01792831562, 2319, 0
114222.01792831562, 2318, 0
114222.01792831562, 2317, 0
114222.01792831562, 2316, 0
114222.01792831562, 2315, 0
114222.01792831562, 2314, 0
114222.01792831562, 2313, 0
114222.01792831562, 2312, 0
114222.01792831562, 2311, 0
114222.01792831562, 2310, 0
114222.01792831562, 2309, 0
114222.01792831562, 2308, 0
114222.01792831562, 2307, 0
114222.01792831562, 2306, 0
114222.01792831562, 2305, 0
114222.01792831562, 2304, 0
114222.01792831562, 2303, 0
114222.01792831562, 2302, 0
114222.01792831562, 2301, 0
114222.01792831562, 2300, 0
114222.01792831562, 2299, 0
114222.01792831562, 2298, 0
114222.01792831562, 2297, 0
114222.01792831562, 2296, 0
114222.01792831562, 2295, 0
114222.01792831562, 2294, 0
114222.01792831562, 2293, 0
114222.01792831562, 2292, 0
114222.01792831562, 2291, 0
114222.01792831562, 2290, 0
114222.01792831562, 2289, 0
114222.01792831562, 2288, 0
114222.01792831562, 2287, 0
114222.01792831562, 2286, 0
114222.01792831562, 2285, 0
114222.01792831562, 2284, 0
114222.01792831562, 2283, 0
114222.01792831562, 2282, 0
114222.01792831562, 2281, 0
114222.01792831562, 2280, 0
114222.01792831562, 2279, 0
114222.01792831562, 2278, 0
114222.01792831562, 2277, 0
114222.01792831562, 2276, 0
114222.01792831562, 2275, 0
114222.01792831562, 2274, 0
114222.01792831562, 2273, 0
114222.01792831562, 2272, 0
114222.01792831562, 2271, 0
114222.01792831562, 2270, 0
114222.01792831562, 2269, 0
114222.01792831562, 2268, 0
114222.01792831562, 2267, 0
114222.01792831562, 2266, 0
114222.01792831562, 2265, 0
114222.01792831562, 2264, 0
114222.01792831562, 2263, 0
114222.01792831562, 2262, 0
114222.01792831562, 2261, 0
114222.01792831562, 2260, 0
114222.01792831562, 2259, 0
114222.01792831562, 2258, 0
114222.01792831562, 2257, 0
114222.01792831562, 2256, 0
114222.01792831562, 2255, 0
114222.01792831562, 2254, 0
114222.01792831562, 2253, 0
114222.01792831562, 2252, 0
114222.01792831562, 2251, 0
114222.01792831562, 2250, 0
114222.01792831562, 2249, 0
114222.01792831562, 2248, 0
114222.01792831562, 2247, 0
114222.01792831562, 2246, 0
114222.01792831562, 2245, 0
114222.01792831562, 2244, 0
114222.01792831562, 2243, 0
114222.01792831562, 2242, 0
114222.01792831562, 2241, 0
114222.01792831562, 2240, 0
114222.01792831562, 2239, 0
114222.01792831562, 2238, 0
114222.01792831562, 2237, 0
114222.01792831562, 2236, 0
114222.01792831562, 2235, 0
114222.01792831562, 2234, 0
114222.01792831562, 2233, 0
114222.01792831562, 2232, 0
114222.01792831562, 2231, 0
114222.01792831562, 2230, 0
114222.01792831562, 2229, 0
114222.01792831562, 2228, 0
114222.01792831562, 2227, 0
114222.01792831562, 2226, 0
114222.01792831562, 2225, 0
114222.01792831562, 2224, 0
114222.01792831562, 2223, 0
114222.01792831562, 2222, 0
114222.01792831562, 2221, 0
114222.01792831562, 2220, 0
114222.01792831562, 2219, 0
114222.01792831562, 2218, 0
114222.01792831562, 2217, 0
114222.01792831562, 2216, 0
114222.01792831562, 2215, 0
114222.01792831562, 2214, 0
114222.01792831562, 2213, 0
114222.01792831562, 2212, 0
114222.01792831562, 2211, 0
114222.01792831562, 2210, 0
114222.01792831562, 2209, 0
114222.01792831562, 2208, 0
114222.01792831562, 2207, 0
114222.01792831562, 2206, 0
114222.01792831562, 2205, 0
114222.01792831562, 2204, 0
114222.01792831562, 2203, 0
114222.01792831562, 2202, 0
114222.01792831562, 2201, 0
114222.01792831562, 2200, 0
114222.01792831562, 2199, 0
114222.01792831562, 2198, 0
114222.01792831562, 2197, 0
114222.01792831562, 2196, 0
114222.01792831562, 2195, 0
114222.01792831562, 2194, 0
114222.01792831562, 2193, 0
114222.01792831562, 2192, 0
114222.01792831562, 2191, 0
114222.01792831562, 2190, 0
114222.01792831562, 2189, 0
114222.01792831562, 2188, 0
114222.01792831562, 2187, 0
114222.01792831562, 2186, 0
114222.01792831562, 2185, 0
114222.01792831562, 2184, 0
114222.01792831562, 2183, 0
114222.01792831562, 2182, 0
114222.01792831562, 2181, 0
114222.01792831562, 2180, 0
114222.01792831562, 2179, 0
114222.01792831562, 2178, 0
114222.01792831562, 2177, 0
114222.01792831562, 2176, 0
114222.01792831562, 2175, 0
114222.01792831562, 2174, 0
114222.01792831562, 2173, 0
114222.01792831562, 2172, 0
114222.01792831562, 2171, 0
114222.01792831562, 2170, 0
114222.01792831562, 2169, 0
114222.01792831562, 2168, 0
114222.01792831562, 2167, 0
114222.01792831562, 2166, 0
114222.01792831562, 2165, 0
114222.01792831562, 2164, 0
114222.01792831562, 2163, 0
114222.01792831562, 2162, 0
114222.01792831562, 2161, 0
114222.01792831562, 2160, 0
114222.01792831562, 2159, 0
114222.01792831562, 2158, 0
114222.01792831562, 2157, 0
114222.01792831562, 2156, 0
114222.01792831562, 2155, 0
114222.01792831562, 2154, 0
114222.01792831562, 2153, 0
114222.01792831562, 2152, 0
114222.01792831562, 2151, 0
114222.01792831562, 2150, 0
114222.01792831562, 2149, 0
114222.01792831562, 2148, 0
114222.01792831562, 2147, 0
114222.01792831562, 2146, 0
114222.01792831562, 2145, 0
114222.01792831562, 2144, 0
114222.01792831562, 2143, 0
114222.01792831562, 2142, 0
114222.01792831562, 2141, 0
114222.01792831562, 2140, 0
114222.01792831562, 2139, 0
114222.01792831562, 2138, 0
114222.01792831562, 2137, 0
114222.01792831562, 2136, 0
114222.01792831562, 2135, 0
114222.01792831562, 2134, 0
114222.01792831562, 2133, 0
114222.01792831562, 2132, 0
114222.01792831562, 2131, 0
114222.01792831562, 2130, 0
114222.01792831562, 2129, 0
114222.01792831562, 2128, 0
114222.01792831562, 2127, 0
114222.01792831562, 2126, 0
114222.01792831562, 2125, 0
114222.01792831562, 2124, 0
114222.01792831562, 2123, 0
114222.01792831562, 2122, 0
114222.01792831562, 2121, 0
114222.01792831562, 2120, 0
114222.01792831562, 2119, 0
114222.01792831562, 2118, 0
114222.01792831562, 2117, 0
114222.01792831562, 2116, 0
114222.01792831562, 2115, 0
114222.01792831562, 2114, 0
114222.01792831562, 2113, 0
114222.01792831562, 2112, 0
114222.01792831562, 2111, 0
114222.01792831562, 2110, 0
114222.01792831562, 2109, 0
114222.01792831562, 2108, 0
114222.01792831562, 2107, 0
114222.01792831562, 2106, 0
114222.01792831562, 2105, 0
114222.01792831562, 2104, 0
114222.01792831562, 2103, 0
114222.01792831562, 2102, 0
114222.01792831562, 2101, 0
114222.01792831562, 2100, 0
114222.01792831562, 2099, 0
114222.01792831562, 2098, 0
114222.01792831562, 2097, 0
114222.01792831562, 2096, 0
114222.01792831562, 2095, 0
114222.01792831562, 2094, 0
114222.01792831562, 2093, 0
114222.01792831562, 2092, 0
114222.01792831562, 2091, 0
114222.01792831562, 2090, 0
114222.01792831562, 2089, 0
114222.01792831562, 2088, 0
114222.01792831562, 2087, 0
114222.01792831562, 2086, 0
114222.01792831562, 2085, 0
114222.01792831562, 2084, 0
114222.01792831562, 2083, 0
114222.01792831562, 2082, 0
114222.01792831562, 2081, 0
114222.01792831562, 2080, 0
114222.01792831562, 2079, 0
114222.01792831562, 2078, 0
114222.01792831562, 2077, 0
114222.01792831562, 2076, 0
114222.01792831562, 2075, 0
114222.01792831562, 2074, 0
114222.01792831562, 2073, 0
114222.01792831562, 2072, 0
114222.01792831562, 2071, 0
114222.01792831562, 2070, 0
114222.01792831562, 2069, 0
114222.01792831562, 2068, 0
114222.01792831562, 2067, 0
114222.01792831562, 2066, 0
114222.01792831562, 2065, 0
114222.01792831562, 2064, 0
114222.01792831562, 2063, 0
114222.01792831562, 2062, 0
114222.01792831562, 2061, 0
114222.01792831562, 2060, 0
114222.01792831562, 2059, 0
114222.01792831562, 2058, 0
114222.01792831562, 2057, 0
114222.01792831562, 2056, 0
114222.01792831562, 2055, 0
114222.01792831562, 2054, 0
114222.01792831562, 2053, 0
114222.01792831562, 2052, 0
114222.01792831562, 2051, 0
114222.01792831562, 2050, 0
114222.01792831562, 2049, 0
114222.01792831562, 2048, 0
114222.01792831562, 2047, 0
114222.01792831562, 2046, 0
114222.01792831562, 2045, 0
114222.01792831562, 2044, 0
114222.01792831562, 2043, 0
114222.01792831562, 2042, 0
114222.01792831562, 2041, 0
114222.01792831562, 2040, 0
114222.01792831562, 2039, 0
114222.01792831562, 2038, 0
114222.01792831562, 2037, 0
114222.01792831562, 2036, 0
114222.01792831562, 2035, 0
114222.01792831562, 2034, 0
114222.01792831562, 2033, 0
114222.01792831562, 2032, 0
114222.01792831562, 2031, 0
114222.01792831562, 2030, 0
114222.01792831562, 2029, 0
114222.01792831562, 2028, 0
114222.01792831562, 2027, 0
114222.01792831562, 2026, 0
114222.01792831562, 2025, 0
114222.01792831562, 2024, 0
114222.01792831562, 2023, 0
114222.01792831562, 2022, 0
114222.01792831562, 2021, 0
114222.01792831562, 2020, 0
114222.01792831562, 2019, 0
114222.01792831562, 2018, 0
114222.01792831562, 2017, 0
114222.01792831562, 2016, 0
114222.01792831562, 2015, 0
114222.01792831562, 2014, 0
114222.01792831562, 2013, 0
114222.01792831562, 2012, 0
114222.01792831562, 2011, 0
114222.01792831562, 2010, 0
114222.01792831562, 2009, 0
114222.01792831562, 2008, 0
114222.01792831562, 2007, 0
114222.01792831562, 2006, 0
114222.01792831562, 2005, 0
114222.01792831562, 2004, 0
114222.01792831562, 2003, 0
114222.01792831562, 2002, 0
114222.01792831562, 2001, 0
114222.01792831562, 2000, 0
114222.01792831562, 1999, 0
114222.01792831562, 1998, 0
114222.01792831562, 1997, 0
114222.01792831562, 1996, 0
114222.01792831562, 1995, 0
114222.01792831562, 1994, 0
114222.01792831562, 1993, 0
114222.01792831562, 1992, 0
114222.01792831562, 1991, 0
114222.01792831562, 1990, 0
114222.01792831562, 1989, 0
114222.01792831562, 1988, 0
114222.01792831562, 1987, 0
114222.01792831562, 1986, 0
114222.01792831562, 1985, 0
114222.01792831562, 1984, 0
114222.01792831562, 1983, 0
114222.01792831562, 1982, 0
114222.01792831562, 1981, 0
114222.01792831562, 1980, 0
114222.01792831562, 1979, 0
114222.01792831562, 1978, 0
114222.01792831562, 1977, 0
114222.01792831562, 1976, 0
114222.01792831562, 1975, 0
114222.01792831562, 1974, 0
114222.01792831562, 1973, 0
114222.01792831562, 1972, 0
114222.01792831562, 1971, 0
114222.01792831562, 1970, 0
114222.01792831562, 1969, 0
114222.01792831562, 1968, 0
114222.01792831562, 1967, 0
114222.01792831562, 1966, 0
114222.01792831562, 1965, 0
114222.01792831562, 1964, 0
114222.01792831562, 1963, 0
114222.01792831562, 1962, 0
114222.01792831562, 1961, 0
114222.01792831562, 1960, 0
114222.01792831562, 1959, 0
114222.01792831562, 1958, 0
114222.01792831562, 1957, 0
114222.01792831562, 1956, 0
114222.01792831562, 1955, 0
114222.01792831562, 1954, 0
114222.01792831562, 1953, 0
114222.01792831562, 1952, 0
114222.01792831562, 1951, 0
114222.01792831562, 1950, 0
114222.01792831562, 1949, 0
114222.01792831562, 1948, 0
114222.01792831562, 1947, 0
114222.01792831562, 1946, 0
114222.01792831562, 1945, 0
114222.01792831562, 1944, 0
114222.01792831562, 1943, 0
114222.01792831562, 1942, 0
114222.01792831562, 1941, 0
114222.01792831562, 1940, 0
114222.01792831562, 1939, 0
114222.01792831562, 1938, 0
114222.01792831562, 1937, 0
114222.01792831562, 1936, 0
114222.01792831562, 1935, 0
114222.01792831562, 1934, 0
114222.01792831562, 1933, 0
114222.01792831562, 1932, 0
114222.01792831562, 1931, 0
114222.01792831562, 1930, 0
114222.01792831562, 1929, 0
114222.01792831562, 1928, 0
114222.01792831562, 1927, 0
114222.01792831562, 1926, 0
114222.01792831562, 1925, 0
114222.01792831562, 1924, 0
114222.01792831562, 1923, 0
114222.01792831562, 1922, 0
114222.01792831562, 1921, 0
114222.01792831562, 1920, 0
114222.01792831562, 1919, 0
114222.01792831562, 1918, 0
114222.01792831562, 1917, 0
114222.01792831562, 1916, 0
114222.01792831562, 1915, 0
114222.01792831562, 1914, 0
114222.01792831562, 1913, 0
114222.01792831562, 1912, 0
114222.01792831562, 1911, 0
114222.01792831562, 1910, 0
114222.01792831562, 1909, 0
114222.01792831562, 1908, 0
114222.01792831562, 1907, 0
114222.01792831562, 1906, 0
114222.01792831562, 1905, 0
114222.01792831562, 1904, 0
114222.01792831562, 1903, 0
114222.01792831562, 1902, 0
114222.01792831562, 1901, 0
114222.01792831562, 1900, 0
114222.01792831562, 1899, 0
114222.01792831562, 1898, 0
114222.01792831562, 1897, 0
114222.01792831562, 1896, 0
114222.01792831562, 1895, 0
114222.01792831562, 1894, 0
114222.01792831562, 1893, 0
114222.01792831562, 1892, 0
114222.01792831562, 1891, 0
114222.01792831562, 1890, 0
114222.01792831562, 1889, 0
114222.01792831562, 1888, 0
114222.01792831562, 1887, 0
114222.01792831562, 1886, 0
114222.01792831562, 1885, 0
114222.01792831562, 1884, 0
114222.01792831562, 1883, 0
114222.01792831562, 1882, 0
114222.01792831562, 1881, 0
114222.01792831562, 1880, 0
114222.01792831562, 1879, 0
114222.01792831562, 1878, 0
114222.01792831562, 1877, 0
114222.01792831562, 1876, 0
114222.01792831562, 1875, 0
114222.01792831562, 1874, 0
114222.01792831562, 1873, 0
114222.01792831562, 1872, 0
114222.01792831562, 1871, 0
114222.01792831562, 1870, 0
114222.01792831562, 1869, 0
114222.01792831562, 1868, 0
114222.01792831562, 1867, 0
114222.01792831562, 1866, 0
114222.01792831562, 1865, 0
114222.01792831562, 1864, 0
114222.01792831562, 1863, 0
114222.01792831562, 1862, 0
114222.01792831562, 1861, 0
114222.01792831562, 1860, 0
114222.01792831562, 1859, 0
114222.01792831562, 1858, 0
114222.01792831562, 1857, 0
114222.01792831562, 1856, 0
114222.01792831562, 1855, 0
114222.01792831562, 1854, 0
114222.01792831562, 1853, 0
114222.01792831562, 1852, 0
114222.01792831562, 1851, 0
114222.01792831562, 1850, 0
114222.01792831562, 1849, 0
114222.01792831562, 1848, 0
114222.01792831562, 1847, 0
114222.01792831562, 1846, 0
114222.01792831562, 1845, 0
114222.01792831562, 1844, 0
114222.01792831562, 1843, 0
114222.01792831562, 1842, 0
114222.01792831562, 1841, 0
114222.01792831562, 1840, 0
114222.01792831562, 1839, 0
114222.01792831562, 1838, 0
114222.01792831562, 1837, 0
114222.01792831562, 1836, 0
114222.01792831562, 1835, 0
114222.01792831562, 1834, 0
114222.01792831562, 1833, 0
114222.01792831562, 1832, 0
114222.01792831562, 1831, 0
114222.01792831562, 1830, 0
114222.01792831562, 1829, 0
114222.01792831562, 1828, 0
114222.01792831562, 1827, 0
114222.01792831562, 1826, 0
114222.01792831562, 1825, 0
114222.01792831562, 1824, 0
114222.01792831562, 1823, 0
114222.01792831562, 1822, 0
114222.01792831562, 1821, 0
114222.01792831562, 1820, 0
114222.01792831562, 1819, 0
114222.01792831562, 1818, 0
114222.01792831562, 1817, 0
114222.01792831562, 1816, 0
114222.01792831562, 1815, 0
114222.01792831562, 1814, 0
114222.01792831562, 1813, 0
114222.01792831562, 1812, 0
114222.01792831562, 1811, 0
114222.01792831562, 1810, 0
114222.01792831562, 1809, 0
114222.01792831562, 1808, 0
114222.01792831562, 1807, 0
114222.01792831562, 1806, 0
114222.01792831562, 1805, 0
114222.01792831562, 1804, 0
114222.01792831562, 1803, 0
114222.01792831562, 1802, 0
114222.01792831562, 1801, 0
114222.01792831562, 1800, 0
114222.01792831562, 1799, 0
114222.01792831562, 1798, 0
114222.01792831562, 1797, 0
114222.01792831562, 1796, 0
114222.01792831562, 1795, 0
114222.01792831562, 1794, 0
114222.01792831562, 1793, 0
114222.01792831562, 1792, 0
114222.01792831562, 1791, 0
114222.01792831562, 1790, 0
114222.01792831562, 1789, 0
114222.01792831562, 1788, 0
114222.01792831562, 1787, 0
114222.01792831562, 1786, 0
114222.01792831562, 1785, 0
114222.01792831562, 1784, 0
114222.01792831562, 1783, 0
114222.01792831562, 1782, 0
114222.01792831562, 1781, 0
114222.01792831562, 1780, 0
114222.01792831562, 1779, 0
114222.01792831562, 1778, 0
114222.01792831562, 1777, 0
114222.01792831562, 1776, 0
114222.01792831562, 1775, 0
114222.01792831562, 1774, 0
114222.01792831562, 1773, 0
114222.01792831562, 1772, 0
114222.01792831562, 1771, 0
114222.01792831562, 1770, 0
114222.01792831562, 1769, 0
114222.01792831562, 1768, 0
114222.01792831562, 1767, 0
114222.01792831562, 1766, 0
114222.01792831562, 1765, 0
114222.01792831562, 1764, 0
114222.01792831562, 1763, 0
114222.01792831562, 1762, 0
114222.01792831562, 1761, 0
114222.01792831562, 1760, 0
114222.01792831562, 1759, 0
114222.01792831562, 1758, 0
114222.01792831562, 1757, 0
114222.01792831562, 1756, 0
114222.01792831562, 1755, 0
114222.01792831562, 1754, 0
114222.01792831562, 1753, 0
114222.01792831562, 1752, 0
114222.01792831562, 1751, 0
114222.01792831562, 1750, 0
114222.01792831562, 1749, 0
114222.01792831562, 1748, 0
114222.01792831562, 1747, 0
114222.01792831562, 1746, 0
114222.01792831562, 1745, 0
114222.01792831562, 1744, 0
114222.01792831562, 1743, 0
114222.01792831562, 1742, 0
114222.01792831562, 1741, 0
114222.01792831562, 1740, 0
114222.01792831562, 1739, 0
114222.01792831562, 1738, 0
114222.01792831562, 1737, 0
114222.01792831562, 1736, 0
114222.01792831562, 1735, 0
114222.01792831562, 1734, 0
114222.01792831562, 1733, 0
114222.01792831562, 1732, 0
114222.01792831562, 1731, 0
114222.01792831562, 1730, 0
114222.01792831562, 1729, 0
114222.01792831562, 1728, 0
114222.01792831562, 1727, 0
114222.01792831562, 1726, 0
114222.01792831562, 1725, 0
114222.01792831562, 1724, 0
114222.01792831562, 1723, 0
114222.01792831562, 1722, 0
114222.01792831562, 1721, 0
114222.01792831562, 1720, 0
114222.01792831562, 1719, 0
114222.01792831562, 1718, 0
114222.01792831562, 1717, 0
114222.01792831562, 1716, 0
114222.01792831562, 1715, 0
114222.01792831562, 1714, 0
114222.01792831562, 1713, 0
114222.01792831562, 1712, 0
114222.01792831562, 1711, 0
114222.01792831562, 1710, 0
114222.01792831562, 1709, 0
114222.01792831562, 1708, 0
114222.01792831562, 1707, 0
114222.01792831562, 1706, 0
114222.01792831562, 1705, 0
114222.01792831562, 1704, 0
114222.01792831562, 1703, 0
114222.01792831562, 1702, 0
114222.01792831562, 1701, 0
114222.01792831562, 1700, 0
114222.01792831562, 1699, 0
114222.01792831562, 1698, 0
114222.01792831562, 1697, 0
114222.01792831562, 1696, 0
114222.01792831562, 1695, 0
114222.01792831562, 1694, 0
114222.01792831562, 1693, 0
114222.01792831562, 1692, 0
114222.01792831562, 1691, 0
114222.01792831562, 1690, 0
114222.01792831562, 1689, 0
114222.01792831562, 1688, 0
114222.01792831562, 1687, 0
114222.01792831562, 1686, 0
114222.01792831562, 1685, 0
114222.01792831562, 1684, 0
114222.01792831562, 1683, 0
114222.01792831562, 1682, 0
114222.01792831562, 1681, 0
114222.01792831562, 1680, 0
114222.01792831562, 1679, 0
114222.01792831562, 1678, 0
114222.01792831562, 1677, 0
114222.01792831562, 1676, 0
114222.01792831562, 1675, 0
114222.01792831562, 1674, 0
114222.01792831562, 1673, 0
114222.01792831562, 1672, 0
114222.01792831562, 1671, 0
114222.01792831562, 1670, 0
114222.01792831562, 1669, 0
114222.01792831562, 1668, 0
114222.01792831562, 1667, 0
114222.01792831562, 1666, 0
114222.01792831562, 1665, 0
114222.01792831562, 1664, 0
114222.01792831562, 1663, 0
114222.01792831562, 1662, 0
114222.01792831562, 1661, 0
114222.01792831562, 1660, 0
114222.01792831562, 1659, 0
114222.01792831562, 1658, 0
114222.01792831562, 1657, 0
114222.01792831562, 1656, 0
114222.01792831562, 1655, 0
114222.01792831562, 1654, 0
114222.01792831562, 1653, 0
114222.01792831562, 1652, 0
114222.01792831562, 1651, 0
114222.01792831562, 1650, 0
114222.01792831562, 1649, 0
114222.01792831562, 1648, 0
114222.01792831562, 1647, 0
114222.01792831562, 1646, 0
114222.01792831562, 1645, 0
114222.01792831562, 1644, 0
114222.01792831562, 1643, 0
114222.01792831562, 1642, 0
114222.01792831562, 1641, 0
114222.01792831562, 1640, 0
114222.01792831562, 1639, 0
114222.01792831562, 1638, 0
114222.01792831562, 1637, 0
114222.01792831562, 1636, 0
114222.01792831562, 1635, 0
114222.01792831562, 1634, 0
114222.01792831562, 1633, 0
114222.01792831562, 1632, 0
114222.01792831562, 1631, 0
114222.01792831562, 1630, 0
114222.01792831562, 1629, 0
114222.01792831562, 1628, 0
114222.01792831562, 1627, 0
114222.01792831562, 1626, 0
114222.01792831562, 1625, 0
114222.01792831562, 1624, 0
114222.01792831562, 1623, 0
114222.01792831562, 1622, 0
114222.01792831562, 1621, 0
114222.01792831562, 1620, 0
114222.01792831562, 1619, 0
114222.01792831562, 1618, 0
114222.01792831562, 1617, 0
114222.01792831562, 1616, 0
114222.01792831562, 1615, 0
114222.01792831562, 1614, 0
114222.01792831562, 1613, 0
114222.01792831562, 1612, 0
114222.01792831562, 1611, 0
114222.01792831562, 1610, 0
114222.01792831562, 1609, 0
114222.01792831562, 1608, 0
114222.01792831562, 1607, 0
114222.01792831562, 1606, 0
114222.01792831562, 1605, 0
114222.01792831562, 1604, 0
114222.01792831562, 1603, 0
114222.01792831562, 1602, 0
114222.01792831562, 1601, 0
114222.01792831562, 1600, 0
114222.01792831562, 1599, 0
114222.01792831562, 1598, 0
114222.01792831562, 1597, 0
114222.01792831562, 1596, 0
114222.01792831562, 1595, 0
114222.01792831562, 1594, 0
114222.01792831562, 1593, 0
114222.01792831562, 1592, 0
114222.01792831562, 1591, 0
114222.01792831562, 1590, 0
114222.01792831562, 1589, 0
114222.01792831562, 1588, 0
114222.01792831562, 1587, 0
114222.01792831562, 1586, 0
114222.01792831562, 1585, 0
114222.01792831562, 1584, 0
114222.01792831562, 1583, 0
114222.01792831562, 1582, 0
114222.01792831562, 1581, 0
114222.01792831562, 1580, 0
114222.01792831562, 1579, 0
114222.01792831562, 1578, 0
114222.01792831562, 1577, 0
114222.01792831562, 1576, 0
114222.01792831562, 1575, 0
114222.01792831562, 1574, 0
114222.01792831562, 1573, 0
114222.01792831562, 1572, 0
114222.01792831562, 1571, 0
114222.01792831562, 1570, 0
114222.01792831562, 1569, 0
114222.01792831562, 1568, 0
114222.01792831562, 1567, 0
114222.01792831562, 1566, 0
114222.01792831562, 1565, 0
114222.01792831562, 1564, 0
114222.01792831562, 1563, 0
114222.01792831562, 1562, 0
114222.01792831562, 1561, 0
114222.01792831562, 1560, 0
114222.01792831562, 1559, 0
114222.01792831562, 1558, 0
114222.01792831562, 1557, 0
114222.01792831562, 1556, 0
114222.01792831562, 1555, 0
114222.01792831562, 1554, 0
114222.01792831562, 1553, 0
114222.01792831562, 1552, 0
114222.01792831562, 1551, 0
114222.01792831562, 1550, 0
114222.01792831562, 1549, 0
114222.01792831562, 1548, 0
114222.01792831562, 1547, 0
114222.01792831562, 1546, 0
114222.01792831562, 1545, 0
114222.01792831562, 1544, 0
114222.01792831562, 1543, 0
114222.01792831562, 1542, 0
114222.01792831562, 1541, 0
114222.01792831562, 1540, 0
114222.01792831562, 1539, 0
114222.01792831562, 1538, 0
114222.01792831562, 1537, 0
114222.01792831562, 1536, 0
114222.01792831562, 1535, 0
114222.01792831562, 1534, 0
114222.01792831562, 1533, 0
114222.01792831562, 1532, 0
114222.01792831562, 1531, 0
114222.01792831562, 1530, 0
114222.01792831562, 1529, 0
114222.01792831562, 1528, 0
114222.01792831562, 1527, 0
114222.01792831562, 1526, 0
114222.01792831562, 1525, 0
114222.01792831562, 1524, 0
114222.01792831562, 1523, 0
114222.01792831562, 1522, 0
114222.01792831562, 1521, 0
114222.01792831562, 1520, 0
114222.01792831562, 1519, 0
114222.01792831562, 1518, 0
114222.01792831562, 1517, 0
114222.01792831562, 1516, 0
114222.01792831562, 1515, 0
114222.01792831562, 1514, 0
114222.01792831562, 1513, 0
114222.01792831562, 1512, 0
114222.01792831562, 1511, 0
114222.01792831562, 1510, 0
114222.01792831562, 1509, 0
114222.01792831562, 1508, 0
114222.01792831562, 1507, 0
114222.01792831562, 1506, 0
114222.01792831562, 1505, 0
114222.01792831562, 1504, 0
114222.01792831562, 1503, 0
114222.01792831562, 1502, 0
114222.01792831562, 1501, 0
114222.01792831562, 1500, 0
114222.01792831562, 1499, 0
114222.01792831562, 1498, 0
114222.01792831562, 1497, 0
114222.01792831562, 1496, 0
114222.01792831562, 1495, 0
114222.01792831562, 1494, 0
114222.01792831562, 1493, 0
114222.01792831562, 1492, 0
114222.01792831562, 1491, 0
114222.01792831562, 1490, 0
114222.01792831562, 1489, 0
114222.01792831562, 1488, 0
114222.01792831562, 1487, 0
114222.01792831562, 1486, 0
114222.01792831562, 1485, 0
114222.01792831562, 1484, 0
114222.01792831562, 1483, 0
114222.01792831562, 1482, 0
114222.01792831562, 1481, 0
114222.01792831562, 1480, 0
114222.01792831562, 1479, 0
114222.01792831562, 1478, 0
114222.01792831562, 1477, 0
114222.01792831562, 1476, 0
114222.01792831562, 1475, 0
114222.01792831562, 1474, 0
114222.01792831562, 1473, 0
114222.01792831562, 1472, 0
114222.01792831562, 1471, 0
114222.01792831562, 1470, 0
114222.01792831562, 1469, 0
114222.01792831562, 1468, 0
114222.01792831562, 1467, 0
114222.01792831562, 1466, 0
114222.01792831562, 1465, 0
114222.01792831562, 1464, 0
114222.01792831562, 1463, 0
114222.01792831562, 1462, 0
114222.01792831562, 1461, 0
114222.01792831562, 1460, 0
114222.01792831562, 1459, 0
114222.01792831562, 1458, 0
114222.01792831562, 1457, 0
114222.01792831562, 1456, 0
114222.01792831562, 1455, 0
114222.01792831562, 1454, 0
114222.01792831562, 1453, 0
114222.01792831562, 1452, 0
114222.01792831562, 1451, 0
114222.01792831562, 1450, 0
114222.01792831562, 1449, 0
114222.01792831562, 1448, 0
114222.01792831562, 1447, 0
114222.01792831562, 1446, 0
114222.01792831562, 1445, 0
114222.01792831562, 1444, 0
114222.01792831562, 1443, 0
114222.01792831562, 1442, 0
114222.01792831562, 1441, 0
114222.01792831562, 1440, 0
114222.01792831562, 1439, 0
114222.01792831562, 1438, 0
114222.01792831562, 1437, 0
114222.01792831562, 1436, 0
114222.01792831562, 1435, 0
114222.01792831562, 1434, 0
114222.01792831562, 1433, 0
114222.01792831562, 1432, 0
114222.01792831562, 1431, 0
114222.01792831562, 1430, 0
114222.01792831562, 1429, 0
114222.01792831562, 1428, 0
114222.01792831562, 1427, 0
114222.01792831562, 1426, 0
114222.01792831562, 1425, 0
114222.01792831562, 1424, 0
114222.01792831562, 1423, 0
114222.01792831562, 1422, 0
114222.01792831562, 1421, 0
114222.01792831562, 1420, 0
114222.01792831562, 1419, 0
114222.01792831562, 1418, 0
114222.01792831562, 1417, 0
114222.01792831562, 1416, 0
114222.01792831562, 1415, 0
114222.01792831562, 1414, 0
114222.01792831562, 1413, 0
114222.01792831562, 1412, 0
114222.01792831562, 1411, 0
114222.01792831562, 1410, 0
114222.01792831562, 1409, 0
114222.01792831562, 1408, 0
114222.01792831562, 1407, 0
114222.01792831562, 1406, 0
114222.01792831562, 1405, 0
114222.01792831562, 1404, 0
114222.01792831562, 1403, 0
114222.01792831562, 1402, 0
114222.01792831562, 1401, 0
114222.01792831562, 1400, 0
114222.01792831562, 1399, 0
114222.01792831562, 1398, 0
114222.01792831562, 1397, 0
114222.01792831562, 1396, 0
114222.01792831562, 1395, 0
114222.01792831562, 1394, 0
114222.01792831562, 1393, 0
114222.01792831562, 1392, 0
114222.01792831562, 1391, 0
114222.01792831562, 1390, 0
114222.01792831562, 1389, 0
114222.01792831562, 1388, 0
114222.01792831562, 1387, 0
114222.01792831562, 1386, 0
114222.01792831562, 1385, 0
114222.01792831562, 1384, 0
114222.01792831562, 1383, 0
114222.01792831562, 1382, 0
114222.01792831562, 1381, 0
114222.01792831562, 1380, 0
114222.01792831562, 1379, 0
114222.01792831562, 1378, 0
114222.01792831562, 1377, 0
114222.01792831562, 1376, 0
114222.01792831562, 1375, 0
114222.01792831562, 1374, 0
114222.01792831562, 1373, 0
114222.01792831562, 1372, 0
114222.01792831562, 1371, 0
114222.01792831562, 1370, 0
114222.01792831562, 1369, 0
114222.01792831562, 1368, 0
114222.01792831562, 1367, 0
114222.01792831562, 1366, 0
114222.01792831562, 1365, 0
114222.01792831562, 1364, 0
114222.01792831562, 1363, 0
114222.01792831562, 1362, 0
114222.01792831562, 1361, 0
114222.01792831562, 1360, 0
114222.01792831562, 1359, 0
114222.01792831562, 1358, 0
114222.01792831562, 1357, 0
114222.01792831562, 1356, 0
114222.01792831562, 1355, 0
114222.01792831562, 1354, 0
114222.01792831562, 1353, 0
114222.01792831562, 1352, 0
114222.01792831562, 1351, 0
114222.01792831562, 1350, 0
114222.01792831562, 1349, 0
114222.01792831562, 1348, 0
114222.01792831562, 1347, 0
114222.01792831562, 1346, 0
114222.01792831562, 1345, 0
114222.01792831562, 1344, 0
114222.01792831562, 1343, 0
114222.01792831562, 1342, 0
114222.01792831562, 1341, 0
114222.01792831562, 1340, 0
114222.01792831562, 1339, 0
114222.01792831562, 1338, 0
114222.01792831562, 1337, 0
114222.01792831562, 1336, 0
114222.01792831562, 1335, 0
114222.01792831562, 1334, 0
114222.01792831562, 1333, 0
114222.01792831562, 1332, 0
114222.01792831562, 1331, 0
114222.01792831562, 1330, 0
114222.01792831562, 1329, 0
114222.01792831562, 1328, 0
114222.01792831562, 1327, 0
114222.01792831562, 1326, 0
114222.01792831562, 1325, 0
114222.01792831562, 1324, 0
114222.01792831562, 1323, 0
114222.01792831562, 1322, 0
114222.01792831562, 1321, 0
114222.01792831562, 1320, 0
114222.01792831562, 1319, 0
114222.01792831562, 1318, 0
114222.01792831562, 1317, 0
114222.01792831562, 1316, 0
114222.01792831562, 1315, 0
114222.01792831562, 1314, 0
114222.01792831562, 1313, 0
114222.01792831562, 1312, 0
114222.01792831562, 1311, 0
114222.01792831562, 1310, 0
114222.01792831562, 1309, 0
114222.01792831562, 1308, 0
114222.01792831562, 1307, 0
114222.01792831562, 1306, 0
114222.01792831562, 1305, 0
114222.01792831562, 1304, 0
114222.01792831562, 1303, 0
114222.01792831562, 1302, 0
114222.01792831562, 1301, 0
114222.01792831562, 1300, 0
114222.01792831562, 1299, 0
114222.01792831562, 1298, 0
114222.01792831562, 1297, 0
114222.01792831562, 1296, 0
114222.01792831562, 1295, 0
114222.01792831562, 1294, 0
114222.01792831562, 1293, 0
114222.01792831562, 1292, 0
114222.01792831562, 1291, 0
114222.01792831562, 1290, 0
114222.01792831562, 1289, 0
114222.01792831562, 1288, 0
114222.01792831562, 1287, 0
114222.01792831562, 1286, 0
114222.01792831562, 1285, 0
114222.01792831562, 1284, 0
114222.01792831562, 1283, 0
114222.01792831562, 1282, 0
114222.01792831562, 1281, 0
114222.01792831562, 1280, 0
114222.01792831562, 1279, 0
114222.01792831562, 1278, 0
114222.01792831562, 1277, 0
114222.01792831562, 1276, 0
114222.01792831562, 1275, 0
114222.01792831562, 1274, 0
114222.01792831562, 1273, 0
114222.01792831562, 1272, 0
114222.01792831562, 1271, 0
114222.01792831562, 1270, 0
114222.01792831562, 1269, 0
114222.01792831562, 1268, 0
114222.01792831562, 1267, 0
114222.01792831562, 1266, 0
114222.01792831562, 1265, 0
114222.01792831562, 1264, 0
114222.01792831562, 1263, 0
114222.01792831562, 1262, 0
114222.01792831562, 1261, 0
114222.01792831562, 1260, 0
114222.01792831562, 1259, 0
114222.01792831562, 1258, 0
114222.01792831562, 1257, 0
114222.01792831562, 1256, 0
114222.01792831562, 1255, 0
114222.01792831562, 1254, 0
114222.01792831562, 1253, 0
114222.01792831562, 1252, 0
114222.01792831562, 1251, 0
114222.01792831562, 1250, 0
114222.01792831562, 1249, 0
114222.01792831562, 1248, 0
114222.01792831562, 1247, 0
114222.01792831562, 1246, 0
114222.01792831562, 1245, 0
114222.01792831562, 1244, 0
114222.01792831562, 1243, 0
114222.01792831562, 1242, 0
114222.01792831562, 1241, 0
114222.01792831562, 1240, 0
114222.01792831562, 1239, 0
114222.01792831562, 1238, 0
114222.01792831562, 1237, 0
114222.01792831562, 1236, 0
114222.01792831562, 1235, 0
114222.01792831562, 1234, 0
114222.01792831562, 1233, 0
114222.01792831562, 1232, 0
114222.01792831562, 1231, 0
114222.01792831562, 1230, 0
114222.01792831562, 1229, 0
114222.01792831562, 1228, 0
114222.01792831562, 1227, 0
114222.01792831562, 1226, 0
114222.01792831562, 1225, 0
114222.01792831562, 1224, 0
114222.01792831562, 1223, 0
114222.01792831562, 1222, 0
114222.01792831562, 1221, 0
114222.01792831562, 1220, 0
114222.01792831562, 1219, 0
114222.01792831562, 1218, 0
114222.01792831562, 1217, 0
114222.01792831562, 1216, 0
114222.01792831562, 1215, 0
114222.01792831562, 1214, 0
114222.01792831562, 1213, 0
114222.01792831562, 1212, 0
114222.01792831562, 1211, 0
114222.01792831562, 1210, 0
114222.01792831562, 1209, 0
114222.01792831562, 1208, 0
114222.01792831562, 1207, 0
114222.01792831562, 1206, 0
114222.01792831562, 1205, 0
114222.01792831562, 1204, 0
114222.01792831562, 1203, 0
114222.01792831562, 1202, 0
114222.01792831562, 1201, 0
114222.01792831562, 1200, 0
114222.01792831562, 1199, 0
114222.01792831562, 1198, 0
114222.01792831562, 1197, 0
114222.01792831562, 1196, 0
114222.01792831562, 1195, 0
114222.01792831562, 1194, 0
114222.01792831562, 1193, 0
114222.01792831562, 1192, 0
114222.01792831562, 1191, 0
114222.01792831562, 1190, 0
114222.01792831562, 1189, 0
114222.01792831562, 1188, 0
114222.01792831562, 1187, 0
114222.01792831562, 1186, 0
114222.01792831562, 1185, 0
114222.01792831562, 1184, 0
114222.01792831562, 1183, 0
114222.01792831562, 1182, 0
114222.01792831562, 1181, 0
114222.01792831562, 1180, 0
114222.01792831562, 1179, 0
114222.01792831562, 1178, 0
114222.01792831562, 1177, 0
114222.01792831562, 1176, 0
114222.01792831562, 1175, 0
114222.01792831562, 1174, 0
114222.01792831562, 1173, 0
114222.01792831562, 1172, 0
114222.01792831562, 1171, 0
114222.01792831562, 1170, 0
114222.01792831562, 1169, 0
114222.01792831562, 1168, 0
114222.01792831562, 1167, 0
114222.01792831562, 1166, 0
114222.01792831562, 1165, 0
114222.01792831562, 1164, 0
114222.01792831562, 1163, 0
114222.01792831562, 1162, 0
114222.01792831562, 1161, 0
114222.01792831562, 1160, 0
114222.01792831562, 1159, 0
114222.01792831562, 1158, 0
114222.01792831562, 1157, 0
114222.01792831562, 1156, 0
114222.01792831562, 1155, 0
114222.01792831562, 1154, 0
114222.01792831562, 1153, 0
114222.01792831562, 1152, 0
114222.01792831562, 1151, 0
114222.01792831562, 1150, 0
114222.01792831562, 1149, 0
114222.01792831562, 1148, 0
114222.01792831562, 1147, 0
114222.01792831562, 1146, 0
114222.01792831562, 1145, 0
114222.01792831562, 1144, 0
114222.01792831562, 1143, 0
114222.01792831562, 1142, 0
114222.01792831562, 1141, 0
114222.01792831562, 1140, 0
114222.01792831562, 1139, 0
114222.01792831562, 1138, 0
114222.01792831562, 1137, 0
114222.01792831562, 1136, 0
114222.01792831562, 1135, 0
114222.01792831562, 1134, 0
114222.01792831562, 1133, 0
114222.01792831562, 1132, 0
114222.01792831562, 1131, 0
114222.01792831562, 1130, 0
114222.01792831562, 1129, 0
114222.01792831562, 1128, 0
114222.01792831562, 1127, 0
114222.01792831562, 1126, 0
114222.01792831562, 1125, 0
114222.01792831562, 1124, 0
114222.01792831562, 1123, 0
114222.01792831562, 1122, 0
114222.01792831562, 1121, 0
114222.01792831562, 1120, 0
114222.01792831562, 1119, 0
114222.01792831562, 1118, 0
114222.01792831562, 1117, 0
114222.01792831562, 1116, 0
114222.01792831562, 1115, 0
114222.01792831562, 1114, 0
114222.01792831562, 1113, 0
114222.01792831562, 1112, 0
114222.01792831562, 1111, 0
114222.01792831562, 1110, 0
114222.01792831562, 1109, 0
114222.01792831562, 1108, 0
114222.01792831562, 1107, 0
114222.01792831562, 1106, 0
114222.01792831562, 1105, 0
114222.01792831562, 1104, 0
114222.01792831562, 1103, 0
114222.01792831562, 1102, 0
114222.01792831562, 1101, 0
114222.01792831562, 1100, 0
114222.01792831562, 1099, 0
114222.01792831562, 1098, 0
114222.01792831562, 1097, 0
114222.01792831562, 1096, 0
114222.01792831562, 1095, 0
114222.01792831562, 1094, 0
114222.01792831562, 1093, 0
114222.01792831562, 1092, 0
114222.01792831562, 1091, 0
114222.01792831562, 1090, 0
114222.01792831562, 1089, 0
114222.01792831562, 1088, 0
114222.01792831562, 1087, 0
114222.01792831562, 1086, 0
114222.01792831562, 1085, 0
114222.01792831562, 1084, 0
114222.01792831562, 1083, 0
114222.01792831562, 1082, 0
114222.01792831562, 1081, 0
114222.01792831562, 1080, 0
114222.01792831562, 1079, 0
114222.01792831562, 1078, 0
114222.01792831562, 1077, 0
114222.01792831562, 1076, 0
114222.01792831562, 1075, 0
114222.01792831562, 1074, 0
114222.01792831562, 1073, 0
114222.01792831562, 1072, 0
114222.01792831562, 1071, 0
114222.01792831562, 1070, 0
114222.01792831562, 1069, 0
114222.01792831562, 1068, 0
114222.01792831562, 1067, 0
114222.01792831562, 1066, 0
114222.01792831562, 1065, 0
114222.01792831562, 1064, 0
114222.01792831562, 1063, 0
114222.01792831562, 1062, 0
114222.01792831562, 1061, 0
114222.01792831562, 1060, 0
114222.01792831562, 1059, 0
114222.01792831562, 1058, 0
114222.01792831562, 1057, 0
114222.01792831562, 1056, 0
114222.01792831562, 1055, 0
114222.01792831562, 1054, 0
114222.01792831562, 1053, 0
114222.01792831562, 1052, 0
114222.01792831562, 1051, 0
114222.01792831562, 1050, 0
114222.01792831562, 1049, 0
114222.01792831562, 1048, 0
114222.01792831562, 1047, 0
114222.01792831562, 1046, 0
114222.01792831562, 1045, 0
114222.01792831562, 1044, 0
114222.01792831562, 1043, 0
114222.01792831562, 1042, 0
114222.01792831562, 1041, 0
114222.01792831562, 1040, 0
114222.01792831562, 1039, 0
114222.01792831562, 1038, 0
114222.01792831562, 1037, 0
114222.01792831562, 1036, 0
114222.01792831562, 1035, 0
114222.01792831562, 1034, 0
114222.01792831562, 1033, 0
114222.01792831562, 1032, 0
114222.01792831562, 1031, 0
114222.01792831562, 1030, 0
114222.01792831562, 1029, 0
114222.01792831562, 1028, 0
114222.01792831562, 1027, 0
114222.01792831562, 1026, 0
114222.01792831562, 1025, 0
114222.01792831562, 1024, 0
114222.01792831562, 1023, 0
114222.01792831562, 1022, 0
114222.01792831562, 1021, 0
114222.01792831562, 1020, 0
114222.01792831562, 1019, 0
114222.01792831562, 1018, 0
114222.01792831562, 1017, 0
114222.01792831562, 1016, 0
114222.01792831562, 1015, 0
114222.01792831562, 1014, 0
114222.01792831562, 1013, 0
114222.01792831562, 1012, 0
114222.01792831562, 1011, 0
114222.01792831562, 1010, 0
114222.01792831562, 1009, 0
114222.01792831562, 1008, 0
114222.01792831562, 1007, 0
114222.01792831562, 1006, 0
114222.01792831562, 1005, 0
114222.01792831562, 1004, 0
114222.01792831562, 1003, 0
114222.01792831562, 1002, 0
114222.01792831562, 1001, 0
114222.01792831562, 1000, 0
114222.01792831562, 999, 0
114222.01792831562, 998, 0
114222.01792831562, 997, 0
114222.01792831562, 996, 0
114222.01792831562, 995, 0
114222.01792831562, 994, 0
114222.01792831562, 993, 0
114222.01792831562, 992, 0
114222.01792831562, 991, 0
114222.01792831562, 990, 0
114222.01792831562, 989, 0
114222.01792831562, 988, 0
114222.01792831562, 987, 0
114222.01792831562, 986, 0
114222.01792831562, 985, 0
114222.01792831562, 984, 0
114222.01792831562, 983, 0
114222.01792831562, 982, 0
114222.01792831562, 981, 0
114222.01792831562, 980, 0
114222.01792831562, 979, 0
114222.01792831562, 978, 0
114222.01792831562, 977, 0
114222.01792831562, 976, 0
114222.01792831562, 975, 0
114222.01792831562, 974, 0
114222.01792831562, 973, 0
114222.01792831562, 972, 0
114222.01792831562, 971, 0
114222.01792831562, 970, 0
114222.01792831562, 969, 0
114222.01792831562, 968, 0
114222.01792831562, 967, 0
114222.01792831562, 966, 0
114222.01792831562, 965, 0
114222.01792831562, 964, 0
114222.01792831562, 963, 0
114222.01792831562, 962, 0
114222.01792831562, 961, 0
114222.01792831562, 960, 0
114222.01792831562, 959, 0
114222.01792831562, 958, 0
114222.01792831562, 957, 0
114222.01792831562, 956, 0
114222.01792831562, 955, 0
114222.01792831562, 954, 0
114222.01792831562, 953, 0
114222.01792831562, 952, 0
114222.01792831562, 951, 0
114222.01792831562, 950, 0
114222.01792831562, 949, 0
114222.01792831562, 948, 0
114222.01792831562, 947, 0
114222.01792831562, 946, 0
114222.01792831562, 945, 0
114222.01792831562, 944, 0
114222.01792831562, 943, 0
114222.01792831562, 942, 0
114222.01792831562, 941, 0
114222.01792831562, 940, 0
114222.01792831562, 939, 0
114222.01792831562, 938, 0
114222.01792831562, 937, 0
114222.01792831562, 936, 0
114222.01792831562, 935, 0
114222.01792831562, 934, 0
114222.01792831562, 933, 0
114222.01792831562, 932, 0
114222.01792831562, 931, 0
114222.01792831562, 930, 0
114222.01792831562, 929, 0
114222.01792831562, 928, 0
114222.01792831562, 927, 0
114222.01792831562, 926, 0
114222.01792831562, 925, 0
114222.01792831562, 924, 0
114222.01792831562, 923, 0
114222.01792831562, 922, 0
114222.01792831562, 921, 0
114222.01792831562, 920, 0
114222.01792831562, 919, 0
114222.01792831562, 918, 0
114222.01792831562, 917, 0
114222.01792831562, 916, 0
114222.01792831562, 915, 0
114222.01792831562, 914, 0
114222.01792831562, 913, 0
114222.01792831562, 912, 0
114222.01792831562, 911, 0
114222.01792831562, 910, 0
114222.01792831562, 909, 0
114222.01792831562, 908, 0
114222.01792831562, 907, 0
114222.01792831562, 906, 0
114222.01792831562, 905, 0
114222.01792831562, 904, 0
114222.01792831562, 903, 0
114222.01792831562, 902, 0
114222.01792831562, 901, 0
114222.01792831562, 900, 0
114222.01792831562, 899, 0
114222.01792831562, 898, 0
114222.01792831562, 897, 0
114222.01792831562, 896, 0
114222.01792831562, 895, 0
114222.01792831562, 894, 0
114222.01792831562, 893, 0
114222.01792831562, 892, 0
114222.01792831562, 891, 0
114222.01792831562, 890, 0
114222.01792831562, 889, 0
114222.01792831562, 888, 0
114222.01792831562, 887, 0
114222.01792831562, 886, 0
114222.01792831562, 885, 0
114222.01792831562, 884, 0
114222.01792831562, 883, 0
114222.01792831562, 882, 0
114222.01792831562, 881, 0
114222.01792831562, 880, 0
114222.01792831562, 879, 0
114222.01792831562, 878, 0
114222.01792831562, 877, 0
114222.01792831562, 876, 0
114222.01792831562, 875, 0
114222.01792831562, 874, 0
114222.01792831562, 873, 0
114222.01792831562, 872, 0
114222.01792831562, 871, 0
114222.01792831562, 870, 0
114222.01792831562, 869, 0
114222.01792831562, 868, 0
114222.01792831562, 867, 0
114222.01792831562, 866, 0
114222.01792831562, 865, 0
114222.01792831562, 864, 0
114222.01792831562, 863, 0
114222.01792831562, 862, 0
114222.01792831562, 861, 0
114222.01792831562, 860, 0
114222.01792831562, 859, 0
114222.01792831562, 858, 0
114222.01792831562, 857, 0
114222.01792831562, 856, 0
114222.01792831562, 855, 0
114222.01792831562, 854, 0
114222.01792831562, 853, 0
114222.01792831562, 852, 0
114222.01792831562, 851, 0
114222.01792831562, 850, 0
114222.01792831562, 849, 0
114222.01792831562, 848, 0
114222.01792831562, 847, 0
114222.01792831562, 846, 0
114222.01792831562, 845, 0
114222.01792831562, 844, 0
114222.01792831562, 843, 0
114222.01792831562, 842, 0
114222.01792831562, 841, 0
114222.01792831562, 840, 0
114222.01792831562, 839, 0
114222.01792831562, 838, 0
114222.01792831562, 837, 0
114222.01792831562, 836, 0
114222.01792831562, 835, 0
114222.01792831562, 834, 0
114222.01792831562, 833, 0
114222.01792831562, 832, 0
114222.01792831562, 831, 0
114222.01792831562, 830, 0
114222.01792831562, 829, 0
114222.01792831562, 828, 0
114222.01792831562, 827, 0
114222.01792831562, 826, 0
114222.01792831562, 825, 0
114222.01792831562, 824, 0
114222.01792831562, 823, 0
114222.01792831562, 822, 0
114222.01792831562, 821, 0
114222.01792831562, 820, 0
114222.01792831562, 819, 0
114222.01792831562, 818, 0
114222.01792831562, 817, 0
114222.01792831562, 816, 0
114222.01792831562, 815, 0
114222.01792831562, 814, 0
114222.01792831562, 813, 0
114222.01792831562, 812, 0
114222.01792831562, 811, 0
114222.01792831562, 810, 0
114222.01792831562, 809, 0
114222.01792831562, 808, 0
114222.01792831562, 807, 0
114222.01792831562, 806, 0
114222.01792831562, 805, 0
114222.01792831562, 804, 0
114222.01792831562, 803, 0
114222.01792831562, 802, 0
114222.01792831562, 801, 0
114222.01792831562, 800, 0
114222.01792831562, 799, 0
114222.01792831562, 798, 0
114222.01792831562, 797, 0
114222.01792831562, 796, 0
114222.01792831562, 795, 0
114222.01792831562, 794, 0
114222.01792831562, 793, 0
114222.01792831562, 792, 0
114222.01792831562, 791, 0
114222.01792831562, 790, 0
114222.01792831562, 789, 0
114222.01792831562, 788, 0
114222.01792831562, 787, 0
114222.01792831562, 786, 0
114222.01792831562, 785, 0
114222.01792831562, 784, 0
114222.01792831562, 783, 0
114222.01792831562, 782, 0
114222.01792831562, 781, 0
114222.01792831562, 780, 0
114222.01792831562, 779, 0
114222.01792831562, 778, 0
114222.01792831562, 777, 0
114222.01792831562, 776, 0
114222.01792831562, 775, 0
114222.01792831562, 774, 0
114222.01792831562, 773, 0
114222.01792831562, 772, 0
114222.01792831562, 771, 0
114222.01792831562, 770, 0
114222.01792831562, 769, 0
114222.01792831562, 768, 0
114222.01792831562, 767, 0
114222.01792831562, 766, 0
114222.01792831562, 765, 0
114222.01792831562, 764, 0
114222.01792831562, 763, 0
114222.01792831562, 762, 0
114222.01792831562, 761, 0
114222.01792831562, 760, 0
114222.01792831562, 759, 0
114222.01792831562, 758, 0
114222.01792831562, 757, 0
114222.01792831562, 756, 0
114222.01792831562, 755, 0
114222.01792831562, 754, 0
114222.01792831562, 753, 0
114222.01792831562, 752, 0
114222.01792831562, 751, 0
114222.01792831562, 750, 0
114222.01792831562, 749, 0
114222.01792831562, 748, 0
114222.01792831562, 747, 0
114222.01792831562, 746, 0
114222.01792831562, 745, 0
114222.01792831562, 744, 0
114222.01792831562, 743, 0
114222.01792831562, 742, 0
114222.01792831562, 741, 0
114222.01792831562, 740, 0
114222.01792831562, 739, 0
114222.01792831562, 738, 0
114222.01792831562, 737, 0
114222.01792831562, 736, 0
114222.01792831562, 735, 0
114222.01792831562, 734, 0
114222.01792831562, 733, 0
114222.01792831562, 732, 0
114222.01792831562, 731, 0
114222.01792831562, 730, 0
114222.01792831562, 729, 0
114222.01792831562, 728, 0
114222.01792831562, 727, 0
114222.01792831562, 726, 0
114222.01792831562, 725, 0
114222.01792831562, 724, 0
114222.01792831562, 723, 0
114222.01792831562, 722, 0
114222.01792831562, 721, 0
114222.01792831562, 720, 0
114222.01792831562, 719, 0
114222.01792831562, 718, 0
114222.01792831562, 717, 0
114222.01792831562, 716, 0
114222.01792831562, 715, 0
114222.01792831562, 714, 0
114222.01792831562, 713, 0
114222.01792831562, 712, 0
114222.01792831562, 711, 0
114222.01792831562, 710, 0
114222.01792831562, 709, 0
114222.01792831562, 708, 0
114222.01792831562, 707, 0
114222.01792831562, 706, 0
114222.01792831562, 705, 0
114222.01792831562, 704, 0
114222.01792831562, 703, 0
114222.01792831562, 702, 0
114222.01792831562, 701, 0
114222.01792831562, 700, 0
114222.01792831562, 699, 0
114222.01792831562, 698, 0
114222.01792831562, 697, 0
114222.01792831562, 696, 0
114222.01792831562, 695, 0
114222.01792831562, 694, 0
114222.01792831562, 693, 0
114222.01792831562, 692, 0
114222.01792831562, 691, 0
114222.01792831562, 690, 0
114222.01792831562, 689, 0
114222.01792831562, 688, 0
114222.01792831562, 687, 0
114222.01792831562, 686, 0
114222.01792831562, 685, 0
114222.01792831562, 684, 0
114222.01792831562, 683, 0
114222.01792831562, 682, 0
114222.01792831562, 681, 0
114222.01792831562, 680, 0
114222.01792831562, 679, 0
114222.01792831562, 678, 0
114222.01792831562, 677, 0
114222.01792831562, 676, 0
114222.01792831562, 675, 0
114222.01792831562, 674, 0
114222.01792831562, 673, 0
114222.01792831562, 672, 0
114222.01792831562, 671, 0
114222.01792831562, 670, 0
114222.01792831562, 669, 0
114222.01792831562, 668, 0
114222.01792831562, 667, 0
114222.01792831562, 666, 0
114222.01792831562, 665, 0
114222.01792831562, 664, 0
114222.01792831562, 663, 0
114222.01792831562, 662, 0
114222.01792831562, 661, 0
114222.01792831562, 660, 0
114222.01792831562, 659, 0
114222.01792831562, 658, 0
114222.01792831562, 657, 0
114222.01792831562, 656, 0
114222.01792831562, 655, 0
114222.01792831562, 654, 0
114222.01792831562, 653, 0
114222.01792831562, 652, 0
114222.01792831562, 651, 0
114222.01792831562, 650, 0
114222.01792831562, 649, 0
114222.01792831562, 648, 0
114222.01792831562, 647, 0
114222.01792831562, 646, 0
114222.01792831562, 645, 0
114222.01792831562, 644, 0
114222.01792831562, 643, 0
114222.01792831562, 642, 0
114222.01792831562, 641, 0
114222.01792831562, 640, 0
114222.01792831562, 639, 0
114222.01792831562, 638, 0
114222.01792831562, 637, 0
114222.01792831562, 636, 0
114222.01792831562, 635, 0
114222.01792831562, 634, 0
114222.01792831562, 633, 0
114222.01792831562, 632, 0
114222.01792831562, 631, 0
114222.01792831562, 630, 0
114222.01792831562, 629, 0
114222.01792831562, 628, 0
114222.01792831562, 627, 0
114222.01792831562, 626, 0
114222.01792831562, 625, 0
114222.01792831562, 624, 0
114222.01792831562, 623, 0
114222.01792831562, 622, 0
114222.01792831562, 621, 0
114222.01792831562, 620, 0
114222.01792831562, 619, 0
114222.01792831562, 618, 0
114222.01792831562, 617, 0
114222.01792831562, 616, 0
114222.01792831562, 615, 0
114222.01792831562, 614, 0
114222.01792831562, 613, 0
114222.01792831562, 612, 0
114222.01792831562, 611, 0
114222.01792831562, 610, 0
114222.01792831562, 609, 0
114222.01792831562, 608, 0
114222.01792831562, 607, 0
114222.01792831562, 606, 0
114222.01792831562, 605, 0
114222.01792831562, 604, 0
114222.01792831562, 603, 0
114222.01792831562, 602, 0
114222.01792831562, 601, 0
114222.01792831562, 600, 0
114222.01792831562, 599, 0
114222.01792831562, 598, 0
114222.01792831562, 597, 0
114222.01792831562, 596, 0
114222.01792831562, 595, 0
114222.01792831562, 594, 0
114222.01792831562, 593, 0
114222.01792831562, 592, 0
114222.01792831562, 591, 0
114222.01792831562, 590, 0
114222.01792831562, 589, 0
114222.01792831562, 588, 0
114222.01792831562, 587, 0
114222.01792831562, 586, 0
114222.01792831562, 585, 0
114222.01792831562, 584, 0
114222.01792831562, 583, 0
114222.01792831562, 582, 0
114222.01792831562, 581, 0
114222.01792831562, 580, 0
114222.01792831562, 579, 0
114222.01792831562, 578, 0
114222.01792831562, 577, 0
114222.01792831562, 576, 0
114222.01792831562, 575, 0
114222.01792831562, 574, 0
114222.01792831562, 573, 0
114222.01792831562, 572, 0
114222.01792831562, 571, 0
114222.01792831562, 570, 0
114222.01792831562, 569, 0
114222.01792831562, 568, 0
114222.01792831562, 567, 0
114222.01792831562, 566, 0
114222.01792831562, 565, 0
114222.01792831562, 564, 0
114222.01792831562, 563, 0
114222.01792831562, 562, 0
114222.01792831562, 561, 0
114222.01792831562, 560, 0
114222.01792831562, 559, 0
114222.01792831562, 558, 0
114222.01792831562, 557, 0
114222.01792831562, 556, 0
114222.01792831562, 555, 0
114222.01792831562, 554, 0
114222.01792831562, 553, 0
114222.01792831562, 552, 0
114222.01792831562, 551, 0
114222.01792831562, 550, 0
114222.01792831562, 549, 0
114222.01792831562, 548, 0
114222.01792831562, 547, 0
114222.01792831562, 546, 0
114222.01792831562, 545, 0
114222.01792831562, 544, 0
114222.01792831562, 543, 0
114222.01792831562, 542, 0
114222.01792831562, 541, 0
114222.01792831562, 540, 0
114222.01792831562, 539, 0
114222.01792831562, 538, 0
114222.01792831562, 537, 0
114222.01792831562, 536, 0
114222.01792831562, 535, 0
114222.01792831562, 534, 0
114222.01792831562, 533, 0
114222.01792831562, 532, 0
114222.01792831562, 531, 0
114222.01792831562, 530, 0
114222.01792831562, 529, 0
114222.01792831562, 528, 0
114222.01792831562, 527, 0
114222.01792831562, 526, 0
114222.01792831562, 525, 0
114222.01792831562, 524, 0
114222.01792831562, 523, 0
114222.01792831562, 522, 0
114222.01792831562, 521, 0
114222.01792831562, 520, 0
114222.01792831562, 519, 0
114222.01792831562, 518, 0
114222.01792831562, 517, 0
114222.01792831562, 516, 0
114222.01792831562, 515, 0
114222.01792831562, 514, 0
114222.01792831562, 513, 0
114222.01792831562, 512, 0
114222.01792831562, 511, 0
114222.01792831562, 510, 0
114222.01792831562, 509, 0
114222.01792831562, 508, 0
114222.01792831562, 507, 0
114222.01792831562, 506, 0
114222.01792831562, 505, 0
114222.01792831562, 504, 0
114222.01792831562, 503, 0
114222.01792831562, 502, 0
114222.01792831562, 501, 0
114222.01792831562, 500, 0
114222.01792831562, 499, 0
114222.01792831562, 498, 0
114222.01792831562, 497, 0
114222.01792831562, 496, 0
114222.01792831562, 495, 0
114222.01792831562, 494, 0
114222.01792831562, 493, 0
114222.01792831562, 492, 0
114222.01792831562, 491, 0
114222.01792831562, 490, 0
114222.01792831562, 489, 0
114222.01792831562, 488, 0
114222.01792831562, 487, 0
114222.01792831562, 486, 0
114222.01792831562, 485, 0
114222.01792831562, 484, 0
114222.01792831562, 483, 0
114222.01792831562, 482, 0
114222.01792831562, 481, 0
114222.01792831562, 480, 0
114222.01792831562, 479, 0
114222.01792831562, 478, 0
114222.01792831562, 477, 0
114222.01792831562, 476, 0
114222.01792831562, 475, 0
114222.01792831562, 474, 0
114222.01792831562, 473, 0
114222.01792831562, 472, 0
114222.01792831562, 471, 0
114222.01792831562, 470, 0
114222.01792831562, 469, 0
114222.01792831562, 468, 0
114222.01792831562, 467, 0
114222.01792831562, 466, 0
114222.01792831562, 465, 0
114222.01792831562, 464, 0
114222.01792831562, 463, 0
114222.01792831562, 462, 0
114222.01792831562, 461, 0
114222.01792831562, 460, 0
114222.01792831562, 459, 0
114222.01792831562, 458, 0
114222.01792831562, 457, 0
114222.01792831562, 456, 0
114222.01792831562, 455, 0
114222.01792831562, 454, 0
114222.01792831562, 453, 0
114222.01792831562, 452, 0
114222.01792831562, 451, 0
114222.01792831562, 450, 0
114222.01792831562, 449, 0
114222.01792831562, 448, 0
114222.01792831562, 447, 0
114222.01792831562, 446, 0
114222.01792831562, 445, 0
114222.01792831562, 444, 0
114222.01792831562, 443, 0
114222.01792831562, 442, 0
114222.01792831562, 441, 0
114222.01792831562, 440, 0
114222.01792831562, 439, 0
114222.01792831562, 438, 0
114222.01792831562, 437, 0
114222.01792831562, 436, 0
114222.01792831562, 435, 0
114222.01792831562, 434, 0
114222.01792831562, 433, 0
114222.01792831562, 432, 0
114222.01792831562, 431, 0
114222.01792831562, 430, 0
114222.01792831562, 429, 0
114222.01792831562, 428, 0
114222.01792831562, 427, 0
114222.01792831562, 426, 0
114222.01792831562, 425, 0
114222.01792831562, 424, 0
114222.01792831562, 423, 0
114222.01792831562, 422, 0
114222.01792831562, 421, 0
114222.01792831562, 420, 0
114222.01792831562, 419, 0
114222.01792831562, 418, 0
114222.01792831562, 417, 0
114222.01792831562, 416, 0
114222.01792831562, 415, 0
114222.01792831562, 414, 0
114222.01792831562, 413, 0
114222.01792831562, 412, 0
114222.01792831562, 411, 0
114222.01792831562, 410, 0
114222.01792831562, 409, 0
114222.01792831562, 408, 0
114222.01792831562, 407, 0
114222.01792831562, 406, 0
114222.01792831562, 405, 0
114222.01792831562, 404, 0
114222.01792831562, 403, 0
114222.01792831562, 402, 0
114222.01792831562, 401, 0
114222.01792831562, 400, 0
114222.01792831562, 399, 0
114222.01792831562, 398, 0
114222.01792831562, 397, 0
114222.01792831562, 396, 0
114222.01792831562, 395, 0
114222.01792831562, 394, 0
114222.01792831562, 393, 0
114222.01792831562, 392, 0
114222.01792831562, 391, 0
114222.01792831562, 390, 0
114222.01792831562, 389, 0
114222.01792831562, 388, 0
114222.01792831562, 387, 0
114222.01792831562, 386, 0
114222.01792831562, 385, 0
114222.01792831562, 384, 0
114222.01792831562, 383, 0
114222.01792831562, 382, 0
114222.01792831562, 381, 0
114222.01792831562, 380, 0
114222.01792831562, 379, 0
114222.01792831562, 378, 0
114222.01792831562, 377, 0
114222.01792831562, 376, 0
114222.01792831562, 375, 0
114222.01792831562, 374, 0
114222.01792831562, 373, 0
114222.01792831562, 372, 0
114222.01792831562, 371, 0
114222.01792831562, 370, 0
114222.01792831562, 369, 0
114222.01792831562, 368, 0
114222.01792831562, 367, 0
114222.01792831562, 366, 0
114222.01792831562, 365, 0
114222.01792831562, 364, 0
114222.01792831562, 363, 0
114222.01792831562, 362, 0
114222.01792831562, 361, 0
114222.01792831562, 360, 0
114222.01792831562, 359, 0
114222.01792831562, 358, 0
114222.01792831562, 357, 0
114222.01792831562, 356, 0
114222.01792831562, 355, 0
114222.01792831562, 354, 0
114222.01792831562, 353, 0
114222.01792831562, 352, 0
114222.01792831562, 351, 0
114222.01792831562, 350, 0
114222.01792831562, 349, 0
114222.01792831562, 348, 0
114222.01792831562, 347, 0
114222.01792831562, 346, 0
114222.01792831562, 345, 0
114222.01792831562, 344, 0
114222.01792831562, 343, 0
114222.01792831562, 342, 0
114222.01792831562, 341, 0
114222.01792831562, 340, 0
114222.01792831562, 339, 0
114222.01792831562, 338, 0
114222.01792831562, 337, 0
114222.01792831562, 336, 0
114222.01792831562, 335, 0
114222.01792831562, 334, 0
114222.01792831562, 333, 0
114222.01792831562, 332, 0
114222.01792831562, 331, 0
114222.01792831562, 330, 0
114222.01792831562, 329, 0
114222.01792831562, 328, 0
114222.01792831562, 327, 0
114222.01792831562, 326, 0
114222.01792831562, 325, 0
114222.01792831562, 324, 0
114222.01792831562, 323, 0
114222.01792831562, 322, 0
114222.01792831562, 321, 0
114222.01792831562, 320, 0
114222.01792831562, 319, 0
114222.01792831562, 318, 0
114222.01792831562, 317, 0
114222.01792831562, 316, 0
114222.01792831562, 315, 0
114222.01792831562, 314, 0
114222.01792831562, 313, 0
114222.01792831562, 312, 0
114222.01792831562, 311, 0
114222.01792831562, 310, 0
114222.01792831562, 309, 0
114222.01792831562, 308, 0
114222.01792831562, 307, 0
114222.01792831562, 306, 0
114222.01792831562, 305, 0
114222.01792831562, 304, 0
114222.01792831562, 303, 0
114222.01792831562, 302, 0
114222.01792831562, 301, 0
114222.01792831562, 300, 0
114222.01792831562, 299, 0
114222.01792831562, 298, 0
114222.01792831562, 297, 0
114222.01792831562, 296, 0
114222.01792831562, 295, 0
114222.01792831562, 294, 0
114222.01792831562, 293, 0
114222.01792831562, 292, 0
114222.01792831562, 291, 0
114222.01792831562, 290, 0
114222.01792831562, 289, 0
114222.01792831562, 288, 0
114222.01792831562, 287, 0
114222.01792831562, 286, 0
114222.01792831562, 285, 0
114222.01792831562, 284, 0
114222.01792831562, 283, 0
114222.01792831562, 282, 0
114222.01792831562, 281, 0
114222.01792831562, 280, 0
114222.01792831562, 279, 0
114222.01792831562, 278, 0
114222.01792831562, 277, 0
114222.01792831562, 276, 0
114222.01792831562, 275, 0
114222.01792831562, 274, 0
114222.01792831562, 273, 0
114222.01792831562, 272, 0
114222.01792831562, 271, 0
114222.01792831562, 270, 0
114222.01792831562, 269, 0
114222.01792831562, 268, 0
114222.01792831562, 267, 0
114222.01792831562, 266, 0
114222.01792831562, 265, 0
114222.01792831562, 264, 0
114222.01792831562, 263, 0
114222.01792831562, 262, 0
114222.01792831562, 261, 0
114222.01792831562, 260, 0
114222.01792831562, 259, 0
114222.01792831562, 258, 0
114222.01792831562, 257, 0
114222.01792831562, 256, 0
114222.01792831562, 255, 0
114222.01792831562, 254, 0
114222.01792831562, 253, 0
114222.01792831562, 252, 0
114222.01792831562, 251, 0
114222.01792831562, 250, 0
114222.01792831562, 249, 0
114222.01792831562, 248, 0
114222.01792831562, 247, 0
114222.01792831562, 246, 0
114222.01792831562, 245, 0
114222.01792831562, 244, 0
114222.01792831562, 243, 0
114222.01792831562, 242, 0
114222.01792831562, 241, 0
114222.01792831562, 240, 0
114222.01792831562, 239, 0
114222.01792831562, 238, 0
114222.01792831562, 237, 0
114222.01792831562, 236, 0
114222.01792831562, 235, 0
114222.01792831562, 234, 0
114222.01792831562, 233, 0
114222.01792831562, 232, 0
114222.01792831562, 231, 0
114222.01792831562, 230, 0
114222.01792831562, 229, 0
114222.01792831562, 228, 0
114222.01792831562, 227, 0
114222.01792831562, 226, 0
114222.01792831562, 225, 0
114222.01792831562, 224, 0
114222.01792831562, 223, 0
114222.01792831562, 222, 0
114222.01792831562, 221, 0
114222.01792831562, 220, 0
114222.01792831562, 219, 0
114222.01792831562, 218, 0
114222.01792831562, 217, 0
114222.01792831562, 216, 0
114222.01792831562, 215, 0
114222.01792831562, 214, 0
114222.01792831562, 213, 0
114222.01792831562, 212, 0
114222.01792831562, 211, 0
114222.01792831562, 210, 0
114222.01792831562, 209, 0
114222.01792831562, 208, 0
114222.01792831562, 207, 0
114222.01792831562, 206, 0
114222.01792831562, 205, 0
114222.01792831562, 204, 0
114222.01792831562, 203, 0
114222.01792831562, 202, 0
114222.01792831562, 201, 0
114222.01792831562, 200, 0
114222.01792831562, 199, 0
114222.01792831562, 198, 0
114222.01792831562, 197, 0
114222.01792831562, 196, 0
114222.01792831562, 195, 0
114222.01792831562, 194, 0
114222.01792831562, 193, 0
114222.01792831562, 192, 0
114222.01792831562, 191, 0
114222.01792831562, 190, 0
114222.01792831562, 189, 0
114222.01792831562, 188, 0
114222.01792831562, 187, 0
114222.01792831562, 186, 0
114222.01792831562, 185, 0
114222.01792831562, 184, 0
114222.01792831562, 183, 0
114222.01792831562, 182, 0
114222.01792831562, 181, 0
114222.01792831562, 180, 0
114222.01792831562, 179, 0
114222.01792831562, 178, 0
114222.01792831562, 177, 0
114222.01792831562, 176, 0
114222.01792831562, 175, 0
114222.01792831562, 174, 0
114222.01792831562, 173, 0
114222.01792831562, 172, 0
114222.01792831562, 171, 0
114222.01792831562, 170, 0
114222.01792831562, 169, 0
114222.01792831562, 168, 0
114222.01792831562, 167, 0
114222.01792831562, 166, 0
114222.01792831562, 165, 0
114222.01792831562, 164, 0
114222.01792831562, 163, 0
114222.01792831562, 162, 0
114222.01792831562, 161, 0
114222.01792831562, 160, 0
114222.01792831562, 159, 0
114222.01792831562, 158, 0
114222.01792831562, 157, 0
114222.01792831562, 156, 0
114222.01792831562, 155, 0
114222.01792831562, 154, 0
114222.01792831562, 153, 0
114222.01792831562, 152, 0
114222.01792831562, 151, 0
114222.01792831562, 150, 0
114222.01792831562, 149, 0
114222.01792831562, 148, 0
114222.01792831562, 147, 0
114222.01792831562, 146, 0
114222.01792831562, 145, 0
114222.01792831562, 144, 0
114222.01792831562, 143, 0
114222.01792831562, 142, 0
114222.01792831562, 141, 0
114222.01792831562, 140, 0
114222.01792831562, 139, 0
114222.01792831562, 138, 0
114222.01792831562, 137, 0
114222.01792831562, 136, 0
114222.01792831562, 135, 0
114222.01792831562, 134, 0
114222.01792831562, 133, 0
114222.01792831562, 132, 0
114222.01792831562, 131, 0
114222.01792831562, 130, 0
114222.01792831562, 129, 0
114222.01792831562, 128, 0
114222.01792831562, 127, 0
114222.01792831562, 126, 0
114222.01792831562, 125, 0
114222.01792831562, 124, 0
114222.01792831562, 123, 0
114222.01792831562, 122, 0
114222.01792831562, 121, 0
114222.01792831562, 120, 0
114222.01792831562, 119, 0
114222.01792831562, 118, 0
114222.01792831562, 117, 0
114222.01792831562, 116, 0
114222.01792831562, 115, 0
114222.01792831562, 114, 0
114222.01792831562, 113, 0
114222.01792831562, 112, 0
114222.01792831562, 111, 0
114222.01792831562, 110, 0
114222.01792831562, 109, 0
114222.01792831562, 108, 0
114222.01792831562, 107, 0
114222.01792831562, 106, 0
114222.01792831562, 105, 0
114222.01792831562, 104, 0
114222.01792831562, 103, 0
114222.01792831562, 102, 0
114222.01792831562, 101, 0
114222.01792831562, 100, 0
114222.01792831562, 99, 0
114222.01792831562, 98, 0
114222.01792831562, 97, 0
114222.01792831562, 96, 0
114222.01792831562, 95, 0
114222.01792831562, 94, 0
114222.01792831562, 93, 0
114222.01792831562, 92, 0
114222.01792831562, 91, 0
114222.01792831562, 90, 0
114222.01792831562, 89, 0
114222.01792831562, 88, 0
114222.01792831562, 87, 0
114222.01792831562, 86, 0
114222.01792831562, 85, 0
114222.01792831562, 84, 0
114222.01792831562, 83, 0
114222.01792831562, 82, 0
114222.01792831562, 81, 0
114222.01792831562, 80, 0
114222.01792831562, 79, 0
114222.01792831562, 78, 0
114222.01792831562, 77, 0
114222.01792831562, 76, 0
114222.01792831562, 75, 0
114222.01792831562, 74, 0
114222.01792831562, 73, 0
114222.01792831562, 72, 0
114222.01792831562, 71, 0
114222.01792831562, 70, 0
114222.01792831562, 69, 0
114222.01792831562, 68, 0
114222.01792831562, 67, 0
114222.01792831562, 66, 0
114222.01792831562, 65, 0
114222.01792831562, 64, 0
114222.01792831562, 63, 0
114222.01792831562, 62, 0
114222.01792831562, 61, 0
114222.01792831562, 60, 0
114222.01792831562, 59, 0
114222.01792831562, 58, 0
114222.01792831562, 57, 0
114222.01792831562, 56, 0
114222.01792831562, 55, 0
114222.01792831562, 54, 0
114222.01792831562, 53, 0
114222.01792831562, 52, 0
114222.01792831562, 51, 0
114222.01792831562, 50, 0
114222.01792831562, 49, 0
114222.01792831562, 48, 0
114222.01792831562, 47, 0
114222.01792831562, 46, 0
114222.01792831562, 45, 0
114222.01792831562, 44, 0
114222.01792831562, 43, 0
114222.01792831562, 42, 0
114222.01792831562, 41, 0
114222.01792831562, 40, 0
114222.01792831562, 39, 0
114222.01792831562, 38, 0
114222.01792831562, 37, 0
114222.01792831562, 36, 0
114222.01792831562, 35, 0
114222.01792831562, 34, 0
114222.01792831562, 33, 0
114222.01792831562, 32, 0
114222.01792831562, 31, 0
114222.01792831562, 30, 0
114222.01792831562, 29, 0
114222.01792831562, 28, 0
114222.01792831562, 27, 0
114222.01792831562, 26, 0
114222.01792831562, 25, 0
114222.01792831562, 24, 0
114222.01792831562, 23, 0
114222.01792831562, 22, 0
114222.01792831562, 21, 0
114222.01792831562, 20, 0
114222.01792831562, 19, 0
114222.01792831562, 18, 0
114222.01792831562, 17, 0
114222.01792831562, 16, 0
114222.01792831562, 15, 0
114222.01792831562, 14, 0
114222.01792831562, 13, 0
114222.01792831562, 12, 0
114222.01792831562, 11, 0
114222.01792831562, 10, 0
114222.01792831562, 9, 0
114222.01792831562, 8, 0
114222.01792831562, 7, 0
114222.01792831562, 6, 0
114222.01792831562, 5, 0
114222.01792831562, 4, 0
114222.01792831562, 3, 0
114222.01792831562, 2, 0
114222.01792831562, 1, 0
